date,stock_id,price,volume
2025-01-02,S06_001,43146.98,397321
2025-01-02,S06_002,51070.67,54196
2025-01-02,S06_003,24515.83,249071
2025-01-02,S06_004,24981.83,136788
2025-01-02,S06_005,28687.76,612855
2025-01-02,S06_006,37943.12,430257
2025-01-02,S06_007,45323.83,931148
2025-01-02,S06_008,44659.98,606021
2025-01-02,S06_009,66520.19,580072
2025-01-02,S06_010,76957.28,792185
2025-01-02,S06_011,45654.85,687085
2025-01-02,S06_012,72382.35,877874
2025-01-02,S06_013,48165.65,330928
2025-01-02,S06_014,28273.53,597511
2025-01-02,S06_015,65247.49,303050
2025-01-02,S06_016,83448.19,555449
2025-01-02,S06_017,41799.91,176677
2025-01-02,S06_018,34973.88,106272
2025-01-02,S06_019,83731.09,168741
2025-01-02,S06_020,57629.79,588677
2025-01-02,S06_021,80477.32,419327
2025-01-02,S06_022,48116.14,346537
2025-01-02,S06_023,29055.81,588099
2025-01-02,S06_024,23702.08,740290
2025-01-02,S06_025,73702.09,514209
2025-01-02,S06_026,65332.15,477985
2025-01-02,S06_027,23907.83,228270
2025-01-02,S06_028,63405.95,922608
2025-01-02,S06_029,37455.89,567341
2025-01-02,S06_030,60652.0,200557
2025-01-03,S06_001,42837.54,938963
2025-01-03,S06_002,51487.25,72100
2025-01-03,S06_003,25154.1,374817
2025-01-03,S06_004,24902.39,111339
2025-01-03,S06_005,28266.19,613909
2025-01-03,S06_006,38609.83,150681
2025-01-03,S06_007,44987.04,744949
2025-01-03,S06_008,44774.17,450400
2025-01-03,S06_009,65959.84,415890
2025-01-03,S06_010,76399.34,645114
2025-01-03,S06_011,45192.88,535401
2025-01-03,S06_012,73290.28,625258
2025-01-03,S06_013,47885.97,192205
2025-01-03,S06_014,27667.73,447985
2025-01-03,S06_015,63853.58,586214
2025-01-03,S06_016,82590.14,563325
2025-01-03,S06_017,41024.11,248784
2025-01-03,S06_018,34338.68,51094
2025-01-03,S06_019,82466.89,278899
2025-01-03,S06_020,59540.84,457734
2025-01-03,S06_021,76167.19,482033
2025-01-03,S06_022,48811.9,301464
2025-01-03,S06_023,28547.06,741364
2025-01-03,S06_024,23594.97,692941
2025-01-03,S06_025,73986.09,464709
2025-01-03,S06_026,65372.24,158936
2025-01-03,S06_027,23908.75,100582
2025-01-03,S06_028,63591.01,566386
2025-01-03,S06_029,37240.65,645498
2025-01-03,S06_030,60439.03,184258
2025-01-06,S06_001,43827.45,560513
2025-01-06,S06_002,50869.84,64821
2025-01-06,S06_003,25384.74,673667
2025-01-06,S06_004,24797.98,212173
2025-01-06,S06_005,27802.99,502641
2025-01-06,S06_006,38516.85,150005
2025-01-06,S06_007,45272.27,1026239
2025-01-06,S06_008,44221.31,422491
2025-01-06,S06_009,66428.02,492553
2025-01-06,S06_010,76566.13,1034153
2025-01-06,S06_011,44991.62,404642
2025-01-06,S06_012,74559.44,319725
2025-01-06,S06_013,47433.37,353461
2025-01-06,S06_014,27546.02,579635
2025-01-06,S06_015,62868.44,303610
2025-01-06,S06_016,83002.08,717259
2025-01-06,S06_017,40236.43,197014
2025-01-06,S06_018,33901.44,142271
2025-01-06,S06_019,81658.77,96445
2025-01-06,S06_020,59559.37,384923
2025-01-06,S06_021,77526.05,579948
2025-01-06,S06_022,48123.49,370474
2025-01-06,S06_023,28408.19,533787
2025-01-06,S06_024,23506.65,560077
2025-01-06,S06_025,74390.55,390811
2025-01-06,S06_026,64922.8,142685
2025-01-06,S06_027,23721.66,436049
2025-01-06,S06_028,63313.34,592085
2025-01-06,S06_029,37281.86,528017
2025-01-06,S06_030,60611.54,220298
2025-01-07,S06_001,44840.03,453533
2025-01-07,S06_002,50790.35,53172
2025-01-07,S06_003,26029.09,397189
2025-01-07,S06_004,24454.69,171236
2025-01-07,S06_005,27610.33,863728
2025-01-07,S06_006,39440.66,257041
2025-01-07,S06_007,45523.24,1773519
2025-01-07,S06_008,44398.14,327492
2025-01-07,S06_009,65321.95,477190
2025-01-07,S06_010,76124.55,1100864
2025-01-07,S06_011,45866.66,733396
2025-01-07,S06_012,75210.19,863171
2025-01-07,S06_013,47946.36,372217
2025-01-07,S06_014,26983.21,562317
2025-01-07,S06_015,62538.5,430728
2025-01-07,S06_016,80523.4,751236
2025-01-07,S06_017,42547.14,432787
2025-01-07,S06_018,31578.9,155908
2025-01-07,S06_019,80549.52,284484
2025-01-07,S06_020,61288.45,351102
2025-01-07,S06_021,75203.46,454387
2025-01-07,S06_022,48385.26,462066
2025-01-07,S06_023,29920.21,785931
2025-01-07,S06_024,23419.4,909089
2025-01-07,S06_025,74700.87,677132
2025-01-07,S06_026,64974.47,301567
2025-01-07,S06_027,23763.88,223081
2025-01-07,S06_028,63426.99,1114598
2025-01-07,S06_029,37389.62,536605
2025-01-07,S06_030,60557.01,240412
2025-01-08,S06_001,44512.63,570492
2025-01-08,S06_002,51511.17,112808
2025-01-08,S06_003,25968.87,243737
2025-01-08,S06_004,24092.61,220302
2025-01-08,S06_005,27565.61,839071
2025-01-08,S06_006,38551.4,357209
2025-01-08,S06_007,43865.6,780104
2025-01-08,S06_008,43985.75,313169
2025-01-08,S06_009,66240.67,689985
2025-01-08,S06_010,76784.02,1026393
2025-01-08,S06_011,46533.21,508978
2025-01-08,S06_012,74536.7,578321
2025-01-08,S06_013,48629.94,491450
2025-01-08,S06_014,27083.21,995088
2025-01-08,S06_015,62732.5,291671
2025-01-08,S06_016,85814.07,998381
2025-01-08,S06_017,45325.25,318088
2025-01-08,S06_018,32619.28,113581
2025-01-08,S06_019,81813.38,370384
2025-01-08,S06_020,58052.45,532720
2025-01-08,S06_021,73958.25,519945
2025-01-08,S06_022,51296.32,527745
2025-01-08,S06_023,29182.42,935578
2025-01-08,S06_024,23250.05,878609
2025-01-08,S06_025,74654.21,391526
2025-01-08,S06_026,65135.28,202239
2025-01-08,S06_027,23849.58,389234
2025-01-08,S06_028,63483.94,350763
2025-01-08,S06_029,37274.61,399703
2025-01-08,S06_030,60691.8,325128
2025-01-09,S06_001,44271.48,620920
2025-01-09,S06_002,50802.72,74561
2025-01-09,S06_003,25690.03,193954
2025-01-09,S06_004,24426.66,184383
2025-01-09,S06_005,27434.64,863746
2025-01-09,S06_006,38327.22,236872
2025-01-09,S06_007,44642.0,905214
2025-01-09,S06_008,44202.71,506897
2025-01-09,S06_009,65866.25,1099559
2025-01-09,S06_010,75357.48,1172842
2025-01-09,S06_011,45791.23,540245
2025-01-09,S06_012,74866.14,592658
2025-01-09,S06_013,49735.14,276479
2025-01-09,S06_014,26856.2,304385
2025-01-09,S06_015,62103.13,363799
2025-01-09,S06_016,83714.6,1069110
2025-01-09,S06_017,46739.37,248490
2025-01-09,S06_018,33296.19,68298
2025-01-09,S06_019,80855.7,232207
2025-01-09,S06_020,61297.83,209132
2025-01-09,S06_021,75844.76,370513
2025-01-09,S06_022,48441.04,399837
2025-01-09,S06_023,30125.7,1177652
2025-01-09,S06_024,23413.5,1412306
2025-01-09,S06_025,74529.49,538719
2025-01-09,S06_026,64831.99,614020
2025-01-09,S06_027,23760.48,176947
2025-01-09,S06_028,62998.0,384219
2025-01-09,S06_029,37316.63,391677
2025-01-09,S06_030,60290.39,151111
2025-01-10,S06_001,44728.41,411987
2025-01-10,S06_002,51918.99,92803
2025-01-10,S06_003,25695.22,249632
2025-01-10,S06_004,24475.77,356367
2025-01-10,S06_005,26982.44,589006
2025-01-10,S06_006,37977.01,201745
2025-01-10,S06_007,44977.79,767169
2025-01-10,S06_008,44787.04,249356
2025-01-10,S06_009,64504.57,636906
2025-01-10,S06_010,75475.66,656035
2025-01-10,S06_011,46538.88,413733
2025-01-10,S06_012,73948.39,573854
2025-01-10,S06_013,50597.96,226396
2025-01-10,S06_014,26893.62,725576
2025-01-10,S06_015,62435.69,393771
2025-01-10,S06_016,86486.45,1515547
2025-01-10,S06_017,47102.29,136235
2025-01-10,S06_018,34020.84,97136
2025-01-10,S06_019,81517.08,158424
2025-01-10,S06_020,61876.57,155231
2025-01-10,S06_021,76765.9,385442
2025-01-10,S06_022,49260.49,398528
2025-01-10,S06_023,29597.3,808545
2025-01-10,S06_024,23556.58,957334
2025-01-10,S06_025,75066.85,689366
2025-01-10,S06_026,64665.25,619199
2025-01-10,S06_027,23634.54,197474
2025-01-10,S06_028,62956.58,954145
2025-01-10,S06_029,37178.15,455032
2025-01-10,S06_030,60395.65,187816
2025-01-13,S06_001,45579.02,598414
2025-01-13,S06_002,52065.14,98884
2025-01-13,S06_003,25992.48,215762
2025-01-13,S06_004,24328.94,165457
2025-01-13,S06_005,27469.4,1154511
2025-01-13,S06_006,37959.39,203520
2025-01-13,S06_007,44950.32,692242
2025-01-13,S06_008,44527.76,753737
2025-01-13,S06_009,64896.56,488046
2025-01-13,S06_010,74067.5,886356
2025-01-13,S06_011,47548.52,317357
2025-01-13,S06_012,73275.08,528559
2025-01-13,S06_013,49696.78,247644
2025-01-13,S06_014,26867.22,449410
2025-01-13,S06_015,62183.05,477761
2025-01-13,S06_016,88670.16,1050542
2025-01-13,S06_017,45981.02,364301
2025-01-13,S06_018,32927.87,63817
2025-01-13,S06_019,83758.03,192563
2025-01-13,S06_020,61536.31,340861
2025-01-13,S06_021,75279.29,566870
2025-01-13,S06_022,48669.96,390914
2025-01-13,S06_023,31778.18,580651
2025-01-13,S06_024,23658.13,1343826
2025-01-13,S06_025,75050.17,327341
2025-01-13,S06_026,64540.79,360930
2025-01-13,S06_027,23804.81,204720
2025-01-13,S06_028,63285.89,569447
2025-01-13,S06_029,37091.89,325845
2025-01-13,S06_030,60407.69,383033
2025-01-14,S06_001,46101.02,657498
2025-01-14,S06_002,52547.37,100652
2025-01-14,S06_003,26437.28,369414
2025-01-14,S06_004,24437.87,215542
2025-01-14,S06_005,26880.02,664316
2025-01-14,S06_006,38258.65,190471
2025-01-14,S06_007,44572.62,593427
2025-01-14,S06_008,44689.53,486073
2025-01-14,S06_009,64673.61,569582
2025-01-14,S06_010,75151.29,608878
2025-01-14,S06_011,47766.08,701588
2025-01-14,S06_012,74252.75,759852
2025-01-14,S06_013,49922.89,315878
2025-01-14,S06_014,26912.52,534906
2025-01-14,S06_015,62765.93,408070
2025-01-14,S06_016,82668.24,799450
2025-01-14,S06_017,47656.25,240206
2025-01-14,S06_018,31663.02,144540
2025-01-14,S06_019,83373.48,233634
2025-01-14,S06_020,63063.28,215580
2025-01-14,S06_021,78227.17,341644
2025-01-14,S06_022,47802.04,456453
2025-01-14,S06_023,31238.14,602307
2025-01-14,S06_024,23636.05,1164202
2025-01-14,S06_025,74673.24,584584
2025-01-14,S06_026,64265.35,187596
2025-01-14,S06_027,23739.68,111832
2025-01-14,S06_028,62972.9,763357
2025-01-14,S06_029,37162.49,395380
2025-01-14,S06_030,59980.25,231337
2025-01-15,S06_001,46144.63,402249
2025-01-15,S06_002,51434.45,94191
2025-01-15,S06_003,26305.34,192646
2025-01-15,S06_004,24809.2,256646
2025-01-15,S06_005,27476.79,585835
2025-01-15,S06_006,39491.11,214101
2025-01-15,S06_007,45013.85,920789
2025-01-15,S06_008,45156.05,449171
2025-01-15,S06_009,63624.67,599849
2025-01-15,S06_010,74845.3,616312
2025-01-15,S06_011,47335.75,632410
2025-01-15,S06_012,74160.44,565693
2025-01-15,S06_013,50506.86,307392
2025-01-15,S06_014,26716.9,555374
2025-01-15,S06_015,62988.29,324887
2025-01-15,S06_016,79358.49,636058
2025-01-15,S06_017,46815.21,161459
2025-01-15,S06_018,32150.35,95337
2025-01-15,S06_019,80999.44,250463
2025-01-15,S06_020,66527.73,743523
2025-01-15,S06_021,81095.2,801392
2025-01-15,S06_022,49936.4,321733
2025-01-15,S06_023,30017.78,668353
2025-01-15,S06_024,23542.72,1080269
2025-01-15,S06_025,74815.23,381926
2025-01-15,S06_026,64475.19,233600
2025-01-15,S06_027,23689.66,197512
2025-01-15,S06_028,63027.45,949914
2025-01-15,S06_029,37406.25,450762
2025-01-15,S06_030,59454.72,278292
2025-01-16,S06_001,46508.77,932042
2025-01-16,S06_002,51957.37,73488
2025-01-16,S06_003,26701.69,196697
2025-01-16,S06_004,24976.79,107829
2025-01-16,S06_005,27683.38,527259
2025-01-16,S06_006,39573.87,131850
2025-01-16,S06_007,44741.16,633035
2025-01-16,S06_008,45490.49,418425
2025-01-16,S06_009,63918.34,692568
2025-01-16,S06_010,74636.74,775245
2025-01-16,S06_011,47319.74,576911
2025-01-16,S06_012,73888.84,590311
2025-01-16,S06_013,51021.71,289839
2025-01-16,S06_014,26690.37,481164
2025-01-16,S06_015,63591.21,461827
2025-01-16,S06_016,80318.93,595191
2025-01-16,S06_017,44583.18,216670
2025-01-16,S06_018,32314.25,149411
2025-01-16,S06_019,74633.14,282490
2025-01-16,S06_020,64549.49,523275
2025-01-16,S06_021,77457.31,664572
2025-01-16,S06_022,50016.02,309996
2025-01-16,S06_023,31169.88,549615
2025-01-16,S06_024,23360.63,631997
2025-01-16,S06_025,75314.17,634286
2025-01-16,S06_026,64892.07,262611
2025-01-16,S06_027,23613.16,187230
2025-01-16,S06_028,63208.18,320470
2025-01-16,S06_029,37505.01,700028
2025-01-16,S06_030,59781.93,198837
2025-01-17,S06_001,46975.9,426471
2025-01-17,S06_002,51492.84,80334
2025-01-17,S06_003,26870.47,325277
2025-01-17,S06_004,25399.72,119608
2025-01-17,S06_005,28182.16,632247
2025-01-17,S06_006,40016.49,442529
2025-01-17,S06_007,44576.97,1458386
2025-01-17,S06_008,44654.71,315574
2025-01-17,S06_009,63460.93,508981
2025-01-17,S06_010,75394.49,1283262
2025-01-17,S06_011,48236.76,563715
2025-01-17,S06_012,75352.52,459231
2025-01-17,S06_013,50006.98,270876
2025-01-17,S06_014,26724.42,397764
2025-01-17,S06_015,63475.82,286427
2025-01-17,S06_016,86472.43,1237492
2025-01-17,S06_017,43943.21,348810
2025-01-17,S06_018,34458.78,205111
2025-01-17,S06_019,78033.18,151874
2025-01-17,S06_020,60298.08,771275
2025-01-17,S06_021,70126.32,704990
2025-01-17,S06_022,49648.47,355113
2025-01-17,S06_023,33610.67,622352
2025-01-17,S06_024,23420.72,1313549
2025-01-17,S06_025,75561.56,559745
2025-01-17,S06_026,64738.26,318886
2025-01-17,S06_027,23550.66,178136
2025-01-17,S06_028,63450.33,930075
2025-01-17,S06_029,37400.66,823304
2025-01-17,S06_030,59898.46,195643
2025-01-20,S06_001,47221.47,785980
2025-01-20,S06_002,51613.75,93120
2025-01-20,S06_003,27231.71,193386
2025-01-20,S06_004,25493.41,111730
2025-01-20,S06_005,27868.52,802090
2025-01-20,S06_006,39663.49,229146
2025-01-20,S06_007,44483.73,927076
2025-01-20,S06_008,44681.4,376922
2025-01-20,S06_009,64006.03,227162
2025-01-20,S06_010,75547.63,617964
2025-01-20,S06_011,47475.98,479311
2025-01-20,S06_012,76596.66,1283080
2025-01-20,S06_013,49480.47,375734
2025-01-20,S06_014,27175.91,378368
2025-01-20,S06_015,62921.15,576283
2025-01-20,S06_016,88773.71,1268207
2025-01-20,S06_017,42314.26,275156
2025-01-20,S06_018,35161.33,106240
2025-01-20,S06_019,79763.78,302848
2025-01-20,S06_020,60692.42,284238
2025-01-20,S06_021,69972.12,503676
2025-01-20,S06_022,49835.36,581063
2025-01-20,S06_023,34245.55,791376
2025-01-20,S06_024,23376.65,635199
2025-01-20,S06_025,75474.26,426744
2025-01-20,S06_026,64678.21,168819
2025-01-20,S06_027,23509.3,161828
2025-01-20,S06_028,63512.98,761356
2025-01-20,S06_029,37509.3,810652
2025-01-20,S06_030,60018.76,285683
2025-01-21,S06_001,47034.53,661668
2025-01-21,S06_002,50951.54,132741
2025-01-21,S06_003,26919.22,336990
2025-01-21,S06_004,25717.35,142261
2025-01-21,S06_005,27769.04,519608
2025-01-21,S06_006,39552.93,148588
2025-01-21,S06_007,44345.72,554958
2025-01-21,S06_008,43182.87,267587
2025-01-21,S06_009,63848.75,587370
2025-01-21,S06_010,75502.58,902479
2025-01-21,S06_011,47164.87,561668
2025-01-21,S06_012,75391.82,916261
2025-01-21,S06_013,49008.83,365971
2025-01-21,S06_014,27248.1,1306284
2025-01-21,S06_015,63496.45,1040356
2025-01-21,S06_016,92838.09,1389951
2025-01-21,S06_017,41164.83,223107
2025-01-21,S06_018,34070.63,137175
2025-01-21,S06_019,77168.27,245705
2025-01-21,S06_020,57472.55,467214
2025-01-21,S06_021,69462.29,295379
2025-01-21,S06_022,47950.22,328207
2025-01-21,S06_023,33856.63,572670
2025-01-21,S06_024,23540.03,759081
2025-01-21,S06_025,75821.4,608333
2025-01-21,S06_026,64737.62,556357
2025-01-21,S06_027,23505.96,166270
2025-01-21,S06_028,63383.06,367641
2025-01-21,S06_029,37508.11,287602
2025-01-21,S06_030,60405.49,201115
2025-01-22,S06_001,47566.83,1528305
2025-01-22,S06_002,51644.39,43779
2025-01-22,S06_003,26723.32,519631
2025-01-22,S06_004,25660.87,139029
2025-01-22,S06_005,27719.84,555185
2025-01-22,S06_006,39914.16,313860
2025-01-22,S06_007,44274.46,938786
2025-01-22,S06_008,43401.07,255998
2025-01-22,S06_009,64182.03,524916
2025-01-22,S06_010,74867.5,642811
2025-01-22,S06_011,47355.47,669432
2025-01-22,S06_012,75359.56,749195
2025-01-22,S06_013,49476.81,279824
2025-01-22,S06_014,27475.28,568877
2025-01-22,S06_015,63502.74,390836
2025-01-22,S06_016,92039.76,1612312
2025-01-22,S06_017,43167.49,224882
2025-01-22,S06_018,32928.45,182583
2025-01-22,S06_019,76524.79,198361
2025-01-22,S06_020,55471.48,371837
2025-01-22,S06_021,71435.89,564428
2025-01-22,S06_022,50010.51,478074
2025-01-22,S06_023,32296.17,1080954
2025-01-22,S06_024,23538.52,647157
2025-01-22,S06_025,75461.91,655922
2025-01-22,S06_026,65023.72,313660
2025-01-22,S06_027,23399.28,293531
2025-01-22,S06_028,63601.13,508480
2025-01-22,S06_029,37694.38,694513
2025-01-22,S06_030,60611.48,272757
2025-01-23,S06_001,47486.01,632131
2025-01-23,S06_002,51068.44,105681
2025-01-23,S06_003,26357.78,365343
2025-01-23,S06_004,26047.83,180974
2025-01-23,S06_005,27590.05,1250953
2025-01-23,S06_006,39231.32,105556
2025-01-23,S06_007,43466.56,959285
2025-01-23,S06_008,43902.58,224293
2025-01-23,S06_009,63896.61,401568
2025-01-23,S06_010,74617.7,558457
2025-01-23,S06_011,47083.38,614765
2025-01-23,S06_012,74837.62,949832
2025-01-23,S06_013,49134.2,650630
2025-01-23,S06_014,27711.09,425929
2025-01-23,S06_015,63534.93,455409
2025-01-23,S06_016,97185.83,1029670
2025-01-23,S06_017,45362.76,320821
2025-01-23,S06_018,33203.27,55469
2025-01-23,S06_019,81706.39,337553
2025-01-23,S06_020,59434.56,414692
2025-01-23,S06_021,74884.01,319707
2025-01-23,S06_022,50904.67,320653
2025-01-23,S06_023,32581.42,1002226
2025-01-23,S06_024,23532.85,879102
2025-01-23,S06_025,75570.42,361934
2025-01-23,S06_026,64591.8,301243
2025-01-23,S06_027,23167.17,156923
2025-01-23,S06_028,63579.34,599150
2025-01-23,S06_029,37755.4,458551
2025-01-23,S06_030,60946.0,312976
2025-01-24,S06_001,46488.48,442144
2025-01-24,S06_002,51433.43,61074
2025-01-24,S06_003,26399.05,372518
2025-01-24,S06_004,26596.04,294088
2025-01-24,S06_005,27690.37,594985
2025-01-24,S06_006,38733.12,144764
2025-01-24,S06_007,43752.86,593290
2025-01-24,S06_008,44193.29,376256
2025-01-24,S06_009,62605.66,585500
2025-01-24,S06_010,73634.53,1392483
2025-01-24,S06_011,46007.29,477802
2025-01-24,S06_012,74465.93,581187
2025-01-24,S06_013,49468.58,193706
2025-01-24,S06_014,27676.16,720643
2025-01-24,S06_015,63802.52,263026
2025-01-24,S06_016,101240.48,829669
2025-01-24,S06_017,44293.68,146789
2025-01-24,S06_018,33936.25,90808
2025-01-24,S06_019,79283.12,188147
2025-01-24,S06_020,57185.08,278314
2025-01-24,S06_021,78893.29,780304
2025-01-24,S06_022,49750.37,277790
2025-01-24,S06_023,34545.45,450181
2025-01-24,S06_024,23432.09,646443
2025-01-24,S06_025,75455.54,561315
2025-01-24,S06_026,64630.87,380958
2025-01-24,S06_027,23205.64,158704
2025-01-24,S06_028,63235.53,759702
2025-01-24,S06_029,37596.88,358917
2025-01-24,S06_030,60651.39,133415
2025-01-27,S06_001,45800.4,444811
2025-01-27,S06_002,51732.84,75561
2025-01-27,S06_003,26762.29,389861
2025-01-27,S06_004,26672.11,91152
2025-01-27,S06_005,27795.2,984738
2025-01-27,S06_006,38806.73,227790
2025-01-27,S06_007,43387.96,859332
2025-01-27,S06_008,44425.98,313873
2025-01-27,S06_009,63268.14,902254
2025-01-27,S06_010,72630.43,1291559
2025-01-27,S06_011,45266.78,795676
2025-01-27,S06_012,75349.35,811927
2025-01-27,S06_013,49321.38,246069
2025-01-27,S06_014,27873.58,789851
2025-01-27,S06_015,64646.84,406827
2025-01-27,S06_016,90655.02,1302021
2025-01-27,S06_017,43298.39,244325
2025-01-27,S06_018,35215.66,104178
2025-01-27,S06_019,82084.1,228231
2025-01-27,S06_020,54607.04,366254
2025-01-27,S06_021,84416.6,460816
2025-01-27,S06_022,48903.39,430206
2025-01-27,S06_023,35346.33,1412364
2025-01-27,S06_024,23603.05,490135
2025-01-27,S06_025,75216.08,435041
2025-01-27,S06_026,64429.6,320522
2025-01-27,S06_027,23151.09,214333
2025-01-27,S06_028,63181.85,421794
2025-01-27,S06_029,37618.62,384887
2025-01-27,S06_030,60645.49,218122
2025-01-28,S06_001,46586.26,617538
2025-01-28,S06_002,51977.38,82838
2025-01-28,S06_003,27224.62,173602
2025-01-28,S06_004,26279.37,100339
2025-01-28,S06_005,27520.1,788422
2025-01-28,S06_006,38767.11,201805
2025-01-28,S06_007,43374.56,884810
2025-01-28,S06_008,44645.11,340151
2025-01-28,S06_009,62614.49,450638
2025-01-28,S06_010,72907.09,641931
2025-01-28,S06_011,44413.91,599839
2025-01-28,S06_012,75878.81,742891
2025-01-28,S06_013,49801.15,219627
2025-01-28,S06_014,28014.58,590780
2025-01-28,S06_015,64876.16,488251
2025-01-28,S06_016,89248.01,465830
2025-01-28,S06_017,42041.59,205819
2025-01-28,S06_018,35630.34,120845
2025-01-28,S06_019,86819.14,190926
2025-01-28,S06_020,55876.2,274613
2025-01-28,S06_021,81312.34,686923
2025-01-28,S06_022,48959.61,279820
2025-01-28,S06_023,34944.31,850841
2025-01-28,S06_024,23381.13,2214863
2025-01-28,S06_025,74943.9,698493
2025-01-28,S06_026,64411.7,201178
2025-01-28,S06_027,23029.33,200850
2025-01-28,S06_028,62703.56,803139
2025-01-28,S06_029,37634.1,269992
2025-01-28,S06_030,61313.47,224273
2025-01-29,S06_001,46060.12,290109
2025-01-29,S06_002,51940.85,83390
2025-01-29,S06_003,27054.53,147146
2025-01-29,S06_004,26334.06,126869
2025-01-29,S06_005,28173.6,1146317
2025-01-29,S06_006,38905.13,251539
2025-01-29,S06_007,43183.45,1724005
2025-01-29,S06_008,45018.23,398319
2025-01-29,S06_009,60958.26,636736
2025-01-29,S06_010,71601.78,815623
2025-01-29,S06_011,44104.32,551899
2025-01-29,S06_012,74194.86,648135
2025-01-29,S06_013,49939.64,227406
2025-01-29,S06_014,27375.44,467845
2025-01-29,S06_015,65644.9,472366
2025-01-29,S06_016,87272.8,881415
2025-01-29,S06_017,44623.49,180600
2025-01-29,S06_018,34833.44,107520
2025-01-29,S06_019,85824.3,162876
2025-01-29,S06_020,57266.91,423520
2025-01-29,S06_021,85399.15,410117
2025-01-29,S06_022,50414.2,563631
2025-01-29,S06_023,34434.13,865790
2025-01-29,S06_024,23372.95,522226
2025-01-29,S06_025,74980.86,253852
2025-01-29,S06_026,64353.03,522026
2025-01-29,S06_027,23040.35,191858
2025-01-29,S06_028,62725.74,609338
2025-01-29,S06_029,37359.0,439515
2025-01-29,S06_030,61473.14,260101
2025-01-30,S06_001,46186.83,399815
2025-01-30,S06_002,52361.51,73866
2025-01-30,S06_003,27245.44,354436
2025-01-30,S06_004,26320.86,110099
2025-01-30,S06_005,27819.92,836737
2025-01-30,S06_006,38163.64,170668
2025-01-30,S06_007,43237.98,577586
2025-01-30,S06_008,44596.02,563296
2025-01-30,S06_009,60597.14,504744
2025-01-30,S06_010,71354.38,877370
2025-01-30,S06_011,45095.01,501916
2025-01-30,S06_012,75150.8,569909
2025-01-30,S06_013,50156.78,272736
2025-01-30,S06_014,27568.71,808724
2025-01-30,S06_015,63578.27,368468
2025-01-30,S06_016,84103.62,853361
2025-01-30,S06_017,47038.52,247112
2025-01-30,S06_018,34279.25,100984
2025-01-30,S06_019,82651.36,247711
2025-01-30,S06_020,59959.06,338015
2025-01-30,S06_021,80638.15,590188
2025-01-30,S06_022,48855.2,313211
2025-01-30,S06_023,34785.07,845041
2025-01-30,S06_024,23289.36,1277299
2025-01-30,S06_025,74953.47,618774
2025-01-30,S06_026,64541.76,266521
2025-01-30,S06_027,23042.98,164698
2025-01-30,S06_028,62686.8,448760
2025-01-30,S06_029,37431.11,555642
2025-01-30,S06_030,60688.9,345460
2025-01-31,S06_001,46970.07,842020
2025-01-31,S06_002,52401.64,126436
2025-01-31,S06_003,27434.25,383203
2025-01-31,S06_004,26550.35,97657
2025-01-31,S06_005,28005.2,753672
2025-01-31,S06_006,38043.89,180375
2025-01-31,S06_007,43210.42,930744
2025-01-31,S06_008,44311.99,222088
2025-01-31,S06_009,60017.52,378461
2025-01-31,S06_010,71521.69,590365
2025-01-31,S06_011,45858.78,499975
2025-01-31,S06_012,74568.19,561951
2025-01-31,S06_013,48938.12,373218
2025-01-31,S06_014,27919.43,467851
2025-01-31,S06_015,63878.45,332683
2025-01-31,S06_016,84711.61,540916
2025-01-31,S06_017,46003.73,143049
2025-01-31,S06_018,32847.7,70844
2025-01-31,S06_019,83281.27,174880
2025-01-31,S06_020,56989.93,630275
2025-01-31,S06_021,73727.13,687892
2025-01-31,S06_022,47473.11,390024
2025-01-31,S06_023,33620.44,762901
2025-01-31,S06_024,23368.49,1159925
2025-01-31,S06_025,75248.07,357431
2025-01-31,S06_026,64609.74,292596
2025-01-31,S06_027,23151.69,121098
2025-01-31,S06_028,62369.1,512094
2025-01-31,S06_029,37827.1,309028
2025-01-31,S06_030,60737.87,183528
2025-02-03,S06_001,47140.01,1282912
2025-02-03,S06_002,52311.31,105006
2025-02-03,S06_003,26914.94,385500
2025-02-03,S06_004,26453.71,138803
2025-02-03,S06_005,28110.17,660629
2025-02-03,S06_006,37963.34,193481
2025-02-03,S06_007,43057.14,572808
2025-02-03,S06_008,44437.96,571706
2025-02-03,S06_009,60682.23,656512
2025-02-03,S06_010,71794.99,981770
2025-02-03,S06_011,45824.69,560206
2025-02-03,S06_012,74856.44,586828
2025-02-03,S06_013,48370.36,313194
2025-02-03,S06_014,28048.36,431605
2025-02-03,S06_015,64942.73,387231
2025-02-03,S06_016,89345.42,1620664
2025-02-03,S06_017,47750.92,209276
2025-02-03,S06_018,34184.35,86507
2025-02-03,S06_019,82530.4,181516
2025-02-03,S06_020,56310.52,252763
2025-02-03,S06_021,70518.39,555134
2025-02-03,S06_022,48344.15,412905
2025-02-03,S06_023,33932.29,448854
2025-02-03,S06_024,23361.29,979158
2025-02-03,S06_025,74906.07,474051
2025-02-03,S06_026,64469.87,489605
2025-02-03,S06_027,22913.58,121505
2025-02-03,S06_028,62976.39,740679
2025-02-03,S06_029,37762.28,323618
2025-02-03,S06_030,60579.44,295847
2025-02-04,S06_001,48532.27,714823
2025-02-04,S06_002,52854.27,79393
2025-02-04,S06_003,27059.7,334395
2025-02-04,S06_004,26502.34,165429
2025-02-04,S06_005,28224.73,567825
2025-02-04,S06_006,38087.36,158785
2025-02-04,S06_007,43193.89,750221
2025-02-04,S06_008,45170.85,404997
2025-02-04,S06_009,60121.38,583762
2025-02-04,S06_010,69632.03,577656
2025-02-04,S06_011,46156.27,352037
2025-02-04,S06_012,75391.16,366468
2025-02-04,S06_013,48807.52,771753
2025-02-04,S06_014,27653.26,434186
2025-02-04,S06_015,65715.4,375738
2025-02-04,S06_016,88802.27,625845
2025-02-04,S06_017,48169.89,103263
2025-02-04,S06_018,34202.78,106172
2025-02-04,S06_019,83216.84,159229
2025-02-04,S06_020,57533.76,324238
2025-02-04,S06_021,70671.99,515035
2025-02-04,S06_022,47392.57,381162
2025-02-04,S06_023,35191.39,783249
2025-02-04,S06_024,23271.77,770495
2025-02-04,S06_025,75771.28,908355
2025-02-04,S06_026,64383.96,208791
2025-02-04,S06_027,22913.11,186334
2025-02-04,S06_028,62667.86,498023
2025-02-04,S06_029,37333.33,416363
2025-02-04,S06_030,60339.18,294916
2025-02-05,S06_001,48547.63,432771
2025-02-05,S06_002,54250.7,171616
2025-02-05,S06_003,26514.8,265675
2025-02-05,S06_004,26709.4,155628
2025-02-05,S06_005,27415.92,936907
2025-02-05,S06_006,38513.09,151656
2025-02-05,S06_007,43718.09,640917
2025-02-05,S06_008,45519.34,316578
2025-02-05,S06_009,59988.45,1199332
2025-02-05,S06_010,68987.44,723508
2025-02-05,S06_011,46206.16,457763
2025-02-05,S06_012,75993.91,700311
2025-02-05,S06_013,48614.26,172566
2025-02-05,S06_014,27325.37,425812
2025-02-05,S06_015,64750.22,323235
2025-02-05,S06_016,86686.34,760028
2025-02-05,S06_017,48862.63,177874
2025-02-05,S06_018,30731.44,145177
2025-02-05,S06_019,81527.5,100920
2025-02-05,S06_020,56619.44,385610
2025-02-05,S06_021,71596.29,321924
2025-02-05,S06_022,46794.55,229687
2025-02-05,S06_023,35745.19,281692
2025-02-05,S06_024,23287.18,516640
2025-02-05,S06_025,75826.63,328038
2025-02-05,S06_026,64484.91,288419
2025-02-05,S06_027,22874.74,141864
2025-02-05,S06_028,62744.84,532183
2025-02-05,S06_029,37280.35,715209
2025-02-05,S06_030,60631.97,231495
2025-02-06,S06_001,48141.59,910907
2025-02-06,S06_002,54311.28,68551
2025-02-06,S06_003,26526.57,333772
2025-02-06,S06_004,26516.11,132155
2025-02-06,S06_005,27374.94,605271
2025-02-06,S06_006,38570.64,344093
2025-02-06,S06_007,43944.99,1375694
2025-02-06,S06_008,45973.95,408180
2025-02-06,S06_009,60372.37,738637
2025-02-06,S06_010,69680.79,769923
2025-02-06,S06_011,46035.15,447524
2025-02-06,S06_012,75299.96,844161
2025-02-06,S06_013,47938.44,279906
2025-02-06,S06_014,27018.34,774755
2025-02-06,S06_015,64074.17,599044
2025-02-06,S06_016,87480.28,488428
2025-02-06,S06_017,49913.57,154785
2025-02-06,S06_018,31305.12,85260
2025-02-06,S06_019,79883.7,281750
2025-02-06,S06_020,59256.57,398630
2025-02-06,S06_021,70531.66,251381
2025-02-06,S06_022,47272.42,232424
2025-02-06,S06_023,35910.5,1186779
2025-02-06,S06_024,23402.34,895400
2025-02-06,S06_025,75920.66,580920
2025-02-06,S06_026,64209.49,510515
2025-02-06,S06_027,22784.23,190728
2025-02-06,S06_028,62710.05,525896
2025-02-06,S06_029,37671.62,216157
2025-02-06,S06_030,60503.64,236295
2025-02-07,S06_001,47385.19,1046255
2025-02-07,S06_002,53529.48,73286
2025-02-07,S06_003,26364.67,407752
2025-02-07,S06_004,26633.31,156483
2025-02-07,S06_005,27336.43,380990
2025-02-07,S06_006,38102.04,156070
2025-02-07,S06_007,44575.2,1382634
2025-02-07,S06_008,45870.82,406539
2025-02-07,S06_009,60371.85,733383
2025-02-07,S06_010,70160.15,983218
2025-02-07,S06_011,46001.94,488710
2025-02-07,S06_012,75595.59,457926
2025-02-07,S06_013,47032.13,401069
2025-02-07,S06_014,27104.68,483737
2025-02-07,S06_015,65410.75,588810
2025-02-07,S06_016,88652.77,882293
2025-02-07,S06_017,49549.16,206215
2025-02-07,S06_018,31220.78,80385
2025-02-07,S06_019,81456.25,140075
2025-02-07,S06_020,58268.4,282395
2025-02-07,S06_021,70241.27,340173
2025-02-07,S06_022,44766.22,540964
2025-02-07,S06_023,34608.66,643171
2025-02-07,S06_024,23427.69,1218371
2025-02-07,S06_025,76152.96,387664
2025-02-07,S06_026,64415.89,348927
2025-02-07,S06_027,22872.17,177297
2025-02-07,S06_028,62548.12,349705
2025-02-07,S06_029,37524.9,520545
2025-02-07,S06_030,60570.03,200912
2025-02-10,S06_001,46412.28,603376
2025-02-10,S06_002,53431.2,90088
2025-02-10,S06_003,26597.61,264242
2025-02-10,S06_004,26724.58,87597
2025-02-10,S06_005,27480.78,833940
2025-02-10,S06_006,38286.77,193128
2025-02-10,S06_007,45305.86,1325777
2025-02-10,S06_008,45988.9,523771
2025-02-10,S06_009,61130.34,462380
2025-02-10,S06_010,70152.94,1222856
2025-02-10,S06_011,45754.21,591681
2025-02-10,S06_012,76304.22,483831
2025-02-10,S06_013,45958.06,132120
2025-02-10,S06_014,27367.74,1345755
2025-02-10,S06_015,67361.33,304392
2025-02-10,S06_016,89657.36,1574566
2025-02-10,S06_017,49041.04,202603
2025-02-10,S06_018,30624.54,131144
2025-02-10,S06_019,76110.57,315454
2025-02-10,S06_020,57602.76,428578
2025-02-10,S06_021,70575.88,614188
2025-02-10,S06_022,46032.84,608048
2025-02-10,S06_023,35136.76,779607
2025-02-10,S06_024,23482.8,1018265
2025-02-10,S06_025,75640.03,872715
2025-02-10,S06_026,63956.73,245933
2025-02-10,S06_027,22906.34,278887
2025-02-10,S06_028,62439.51,501021
2025-02-10,S06_029,37737.15,486697
2025-02-10,S06_030,60375.3,166135
2025-02-11,S06_001,47350.19,859548
2025-02-11,S06_002,53920.25,75527
2025-02-11,S06_003,26871.53,239657
2025-02-11,S06_004,26038.72,225025
2025-02-11,S06_005,27065.43,765938
2025-02-11,S06_006,37525.9,168324
2025-02-11,S06_007,45129.28,686658
2025-02-11,S06_008,46009.84,331292
2025-02-11,S06_009,61930.78,781055
2025-02-11,S06_010,69629.0,599627
2025-02-11,S06_011,44949.4,368801
2025-02-11,S06_012,76035.97,439635
2025-02-11,S06_013,46207.19,378513
2025-02-11,S06_014,26621.78,732557
2025-02-11,S06_015,67660.51,772756
2025-02-11,S06_016,85776.04,1068968
2025-02-11,S06_017,51875.0,307019
2025-02-11,S06_018,30849.59,105297
2025-02-11,S06_019,76796.09,172514
2025-02-11,S06_020,56869.94,299351
2025-02-11,S06_021,70462.08,372243
2025-02-11,S06_022,44962.38,258470
2025-02-11,S06_023,34033.97,504521
2025-02-11,S06_024,23577.5,855386
2025-02-11,S06_025,76271.99,640168
2025-02-11,S06_026,64570.3,312102
2025-02-11,S06_027,22908.06,150099
2025-02-11,S06_028,62236.46,557988
2025-02-11,S06_029,37641.38,509570
2025-02-11,S06_030,60442.4,272446
2025-02-12,S06_001,46789.73,1021025
2025-02-12,S06_002,53769.75,99868
2025-02-12,S06_003,27365.59,210148
2025-02-12,S06_004,26010.52,152446
2025-02-12,S06_005,27190.69,839138
2025-02-12,S06_006,37605.54,168577
2025-02-12,S06_007,46085.83,716040
2025-02-12,S06_008,45384.07,250877
2025-02-12,S06_009,61140.61,732219
2025-02-12,S06_010,69406.87,785049
2025-02-12,S06_011,44912.64,913157
2025-02-12,S06_012,75449.51,502647
2025-02-12,S06_013,47406.14,539234
2025-02-12,S06_014,26450.71,618208
2025-02-12,S06_015,70705.62,657535
2025-02-12,S06_016,89560.19,1440298
2025-02-12,S06_017,51893.39,298827
2025-02-12,S06_018,31063.1,73303
2025-02-12,S06_019,75179.47,214260
2025-02-12,S06_020,59104.05,561421
2025-02-12,S06_021,67812.9,428695
2025-02-12,S06_022,47989.4,227098
2025-02-12,S06_023,34942.94,1149300
2025-02-12,S06_024,23533.08,1403695
2025-02-12,S06_025,76035.09,1306154
2025-02-12,S06_026,64954.19,273457
2025-02-12,S06_027,22833.95,216438
2025-02-12,S06_028,62322.01,597799
2025-02-12,S06_029,37711.06,208141
2025-02-12,S06_030,60600.73,239733
2025-02-13,S06_001,45961.24,768145
2025-02-13,S06_002,52926.49,86415
2025-02-13,S06_003,27435.46,192455
2025-02-13,S06_004,25569.88,190595
2025-02-13,S06_005,27480.08,770892
2025-02-13,S06_006,37859.81,132055
2025-02-13,S06_007,45935.22,845640
2025-02-13,S06_008,45612.02,230648
2025-02-13,S06_009,61387.58,259177
2025-02-13,S06_010,69704.11,1000542
2025-02-13,S06_011,44394.42,556313
2025-02-13,S06_012,74335.61,405233
2025-02-13,S06_013,46335.65,297711
2025-02-13,S06_014,26418.51,618748
2025-02-13,S06_015,70382.81,328075
2025-02-13,S06_016,84843.23,844021
2025-02-13,S06_017,52606.99,330183
2025-02-13,S06_018,31764.31,188801
2025-02-13,S06_019,75303.31,152178
2025-02-13,S06_020,59821.66,323333
2025-02-13,S06_021,68058.39,779091
2025-02-13,S06_022,51075.7,558186
2025-02-13,S06_023,35879.22,779797
2025-02-13,S06_024,23691.35,1094439
2025-02-13,S06_025,76320.42,576272
2025-02-13,S06_026,64966.46,194221
2025-02-13,S06_027,22928.38,117734
2025-02-13,S06_028,62715.55,776118
2025-02-13,S06_029,37722.23,324171
2025-02-13,S06_030,60676.73,236166
2025-02-14,S06_001,45831.12,497610
2025-02-14,S06_002,53165.67,98852
2025-02-14,S06_003,27590.21,263336
2025-02-14,S06_004,26013.8,173715
2025-02-14,S06_005,27721.65,986478
2025-02-14,S06_006,37866.8,133067
2025-02-14,S06_007,45296.41,1669607
2025-02-14,S06_008,45579.18,445423
2025-02-14,S06_009,62654.94,930610
2025-02-14,S06_010,69322.1,811000
2025-02-14,S06_011,44043.58,663683
2025-02-14,S06_012,75961.8,533236
2025-02-14,S06_013,46560.28,236459
2025-02-14,S06_014,26461.44,472016
2025-02-14,S06_015,71402.62,389929
2025-02-14,S06_016,81704.5,1200396
2025-02-14,S06_017,56081.85,259475
2025-02-14,S06_018,32170.32,93640
2025-02-14,S06_019,71138.87,197468
2025-02-14,S06_020,59005.78,411155
2025-02-14,S06_021,71519.56,401037
2025-02-14,S06_022,53532.13,541977
2025-02-14,S06_023,34200.06,1259315
2025-02-14,S06_024,23680.72,763462
2025-02-14,S06_025,76457.57,726100
2025-02-14,S06_026,65089.79,201632
2025-02-14,S06_027,22759.18,214483
2025-02-14,S06_028,63192.87,458410
2025-02-14,S06_029,37594.76,360028
2025-02-14,S06_030,60580.72,325273
2025-02-17,S06_001,45577.69,535671
2025-02-17,S06_002,53115.24,64311
2025-02-17,S06_003,27357.62,327720
2025-02-17,S06_004,25841.93,93180
2025-02-17,S06_005,27756.16,839796
2025-02-17,S06_006,38201.47,191518
2025-02-17,S06_007,45483.95,1179343
2025-02-17,S06_008,46125.32,449227
2025-02-17,S06_009,61920.13,584060
2025-02-17,S06_010,69731.23,782619
2025-02-17,S06_011,44254.11,733908
2025-02-17,S06_012,74652.81,842242
2025-02-17,S06_013,46354.6,250927
2025-02-17,S06_014,26142.32,810338
2025-02-17,S06_015,70446.34,396718
2025-02-17,S06_016,83876.48,708695
2025-02-17,S06_017,57109.06,226653
2025-02-17,S06_018,32479.58,72499
2025-02-17,S06_019,75905.92,171931
2025-02-17,S06_020,57350.95,424037
2025-02-17,S06_021,71011.98,595304
2025-02-17,S06_022,52107.13,523340
2025-02-17,S06_023,33184.94,1139385
2025-02-17,S06_024,23665.86,1036871
2025-02-17,S06_025,76323.14,518058
2025-02-17,S06_026,64973.4,313542
2025-02-17,S06_027,22863.05,226298
2025-02-17,S06_028,63347.72,815353
2025-02-17,S06_029,37464.3,257067
2025-02-17,S06_030,60655.7,175293
2025-02-18,S06_001,45281.77,426465
2025-02-18,S06_002,52793.04,162490
2025-02-18,S06_003,27204.77,481566
2025-02-18,S06_004,25715.21,135342
2025-02-18,S06_005,28176.99,760788
2025-02-18,S06_006,37635.94,201030
2025-02-18,S06_007,45861.75,1958060
2025-02-18,S06_008,45359.8,710133
2025-02-18,S06_009,60959.54,461102
2025-02-18,S06_010,70549.4,1132182
2025-02-18,S06_011,43294.37,1097046
2025-02-18,S06_012,73625.39,412290
2025-02-18,S06_013,46244.38,326268
2025-02-18,S06_014,26102.13,431045
2025-02-18,S06_015,70760.18,267579
2025-02-18,S06_016,87616.22,709462
2025-02-18,S06_017,57302.14,147346
2025-02-18,S06_018,32003.77,73451
2025-02-18,S06_019,76359.94,258506
2025-02-18,S06_020,57532.77,181352
2025-02-18,S06_021,67782.22,393520
2025-02-18,S06_022,50237.19,478626
2025-02-18,S06_023,32969.09,389159
2025-02-18,S06_024,23854.56,832348
2025-02-18,S06_025,76543.73,1019059
2025-02-18,S06_026,64912.76,171258
2025-02-18,S06_027,22788.7,246552
2025-02-18,S06_028,63144.72,530985
2025-02-18,S06_029,37661.75,812041
2025-02-18,S06_030,61165.49,206337
2025-02-19,S06_001,46058.19,529803
2025-02-19,S06_002,53045.71,75280
2025-02-19,S06_003,27079.86,247556
2025-02-19,S06_004,25977.81,255346
2025-02-19,S06_005,28503.4,884813
2025-02-19,S06_006,38710.53,266422
2025-02-19,S06_007,47027.88,872536
2025-02-19,S06_008,45161.13,225998
2025-02-19,S06_009,61463.55,572349
2025-02-19,S06_010,70190.4,448181
2025-02-19,S06_011,42621.22,609236
2025-02-19,S06_012,73716.34,505398
2025-02-19,S06_013,46354.78,306296
2025-02-19,S06_014,26114.52,483713
2025-02-19,S06_015,69511.36,240717
2025-02-19,S06_016,86176.29,985236
2025-02-19,S06_017,56558.29,206398
2025-02-19,S06_018,33012.26,124403
2025-02-19,S06_019,78970.64,256282
2025-02-19,S06_020,58218.36,612157
2025-02-19,S06_021,71868.2,420411
2025-02-19,S06_022,49791.69,447857
2025-02-19,S06_023,32253.62,692813
2025-02-19,S06_024,23824.03,506661
2025-02-19,S06_025,76469.73,556107
2025-02-19,S06_026,65007.35,244829
2025-02-19,S06_027,22764.56,148369
2025-02-19,S06_028,63253.57,581523
2025-02-19,S06_029,37894.23,545317
2025-02-19,S06_030,61396.14,99320
2025-02-20,S06_001,46250.45,774625
2025-02-20,S06_002,53699.23,149609
2025-02-20,S06_003,27083.19,196048
2025-02-20,S06_004,25256.43,220437
2025-02-20,S06_005,28287.62,1168419
2025-02-20,S06_006,38320.27,434951
2025-02-20,S06_007,47585.77,887402
2025-02-20,S06_008,44230.17,467304
2025-02-20,S06_009,60821.63,489591
2025-02-20,S06_010,70658.28,778894
2025-02-20,S06_011,42563.66,390163
2025-02-20,S06_012,72639.91,752269
2025-02-20,S06_013,45420.64,399672
2025-02-20,S06_014,26051.62,767600
2025-02-20,S06_015,69958.33,325431
2025-02-20,S06_016,84372.46,1398457
2025-02-20,S06_017,55219.31,366805
2025-02-20,S06_018,30777.84,173288
2025-02-20,S06_019,76096.63,236399
2025-02-20,S06_020,58634.65,193185
2025-02-20,S06_021,72004.11,563100
2025-02-20,S06_022,51199.89,765719
2025-02-20,S06_023,31635.86,642266
2025-02-20,S06_024,23885.49,1770459
2025-02-20,S06_025,76571.54,836900
2025-02-20,S06_026,64948.71,209916
2025-02-20,S06_027,22900.27,235240
2025-02-20,S06_028,63277.75,346936
2025-02-20,S06_029,37970.03,584303
2025-02-20,S06_030,61311.74,251267
2025-02-21,S06_001,46806.02,617574
2025-02-21,S06_002,53510.63,56332
2025-02-21,S06_003,27797.85,377257
2025-02-21,S06_004,24916.45,154837
2025-02-21,S06_005,28376.9,553706
2025-02-21,S06_006,37175.53,264464
2025-02-21,S06_007,48397.2,1166643
2025-02-21,S06_008,44500.62,486477
2025-02-21,S06_009,62370.77,737766
2025-02-21,S06_010,70133.53,857478
2025-02-21,S06_011,41861.74,383481
2025-02-21,S06_012,74226.06,699345
2025-02-21,S06_013,45444.56,218500
2025-02-21,S06_014,26123.17,903233
2025-02-21,S06_015,69277.12,553988
2025-02-21,S06_016,82589.94,661082
2025-02-21,S06_017,55763.66,158519
2025-02-21,S06_018,31022.2,139470
2025-02-21,S06_019,74413.69,239797
2025-02-21,S06_020,58598.93,436688
2025-02-21,S06_021,71327.83,551495
2025-02-21,S06_022,52600.96,324319
2025-02-21,S06_023,32458.22,559951
2025-02-21,S06_024,23704.51,1034394
2025-02-21,S06_025,76766.5,304150
2025-02-21,S06_026,64809.13,301888
2025-02-21,S06_027,23031.92,288836
2025-02-21,S06_028,63374.47,420586
2025-02-21,S06_029,37850.62,549727
2025-02-21,S06_030,61027.99,158246
2025-02-24,S06_001,48182.96,447167
2025-02-24,S06_002,54113.63,167621
2025-02-24,S06_003,27889.94,250041
2025-02-24,S06_004,25315.77,220733
2025-02-24,S06_005,28739.44,405115
2025-02-24,S06_006,36643.36,189193
2025-02-24,S06_007,49208.07,899794
2025-02-24,S06_008,44999.26,418627
2025-02-24,S06_009,62048.9,508887
2025-02-24,S06_010,69760.21,822413
2025-02-24,S06_011,41462.38,645004
2025-02-24,S06_012,72931.9,729193
2025-02-24,S06_013,46474.11,449786
2025-02-24,S06_014,26042.38,1146512
2025-02-24,S06_015,68303.13,244343
2025-02-24,S06_016,79479.48,1075229
2025-02-24,S06_017,54618.43,438788
2025-02-24,S06_018,29807.13,143757
2025-02-24,S06_019,74582.04,188985
2025-02-24,S06_020,59134.11,286041
2025-02-24,S06_021,75263.96,440755
2025-02-24,S06_022,52247.73,516267
2025-02-24,S06_023,33189.32,983972
2025-02-24,S06_024,23559.01,354460
2025-02-24,S06_025,76750.83,550813
2025-02-24,S06_026,65016.81,395665
2025-02-24,S06_027,23072.41,147275
2025-02-24,S06_028,62999.54,832827
2025-02-24,S06_029,37856.46,247776
2025-02-24,S06_030,60571.88,236731
2025-02-25,S06_001,47796.34,724464
2025-02-25,S06_002,54262.69,83920
2025-02-25,S06_003,28394.03,494011
2025-02-25,S06_004,25311.42,212410
2025-02-25,S06_005,29332.96,1123939
2025-02-25,S06_006,37992.15,117136
2025-02-25,S06_007,48941.72,836208
2025-02-25,S06_008,45268.63,345422
2025-02-25,S06_009,61272.6,1072967
2025-02-25,S06_010,70250.68,647453
2025-02-25,S06_011,41874.37,496287
2025-02-25,S06_012,72977.99,641704
2025-02-25,S06_013,46622.78,281876
2025-02-25,S06_014,26101.13,496526
2025-02-25,S06_015,69514.87,407195
2025-02-25,S06_016,77888.79,456253
2025-02-25,S06_017,54101.78,111224
2025-02-25,S06_018,29523.19,104414
2025-02-25,S06_019,74562.62,111120
2025-02-25,S06_020,57815.53,350953
2025-02-25,S06_021,73145.27,253466
2025-02-25,S06_022,48053.33,961300
2025-02-25,S06_023,33994.18,752057
2025-02-25,S06_024,23652.21,1131265
2025-02-25,S06_025,76823.83,463303
2025-02-25,S06_026,64927.26,276301
2025-02-25,S06_027,23114.11,186214
2025-02-25,S06_028,62551.84,451674
2025-02-25,S06_029,37844.1,247207
2025-02-25,S06_030,60150.6,131669
2025-02-26,S06_001,47999.55,907912
2025-02-26,S06_002,53690.16,85266
2025-02-26,S06_003,28646.17,393672
2025-02-26,S06_004,24880.41,268365
2025-02-26,S06_005,29139.71,919343
2025-02-26,S06_006,38528.95,145225
2025-02-26,S06_007,49329.59,618952
2025-02-26,S06_008,46414.4,372891
2025-02-26,S06_009,60809.7,1040396
2025-02-26,S06_010,71997.25,1258846
2025-02-26,S06_011,41671.14,924338
2025-02-26,S06_012,73726.83,612482
2025-02-26,S06_013,46679.52,670289
2025-02-26,S06_014,25822.51,728274
2025-02-26,S06_015,69907.02,351716
2025-02-26,S06_016,75461.05,653141
2025-02-26,S06_017,50911.77,300068
2025-02-26,S06_018,30053.3,68403
2025-02-26,S06_019,75475.74,213778
2025-02-26,S06_020,58101.97,258066
2025-02-26,S06_021,73854.59,426206
2025-02-26,S06_022,48256.38,357991
2025-02-26,S06_023,34770.57,814921
2025-02-26,S06_024,23582.31,1280750
2025-02-26,S06_025,76613.67,696331
2025-02-26,S06_026,64928.09,314830
2025-02-26,S06_027,23096.91,199350
2025-02-26,S06_028,62864.97,434548
2025-02-26,S06_029,37937.89,614254
2025-02-26,S06_030,59717.7,234377
2025-02-27,S06_001,47273.65,639084
2025-02-27,S06_002,52533.26,42876
2025-02-27,S06_003,28974.97,381039
2025-02-27,S06_004,24663.47,209202
2025-02-27,S06_005,28862.66,1916915
2025-02-27,S06_006,37983.42,399501
2025-02-27,S06_007,49038.25,642678
2025-02-27,S06_008,46787.53,334532
2025-02-27,S06_009,61909.7,686094
2025-02-27,S06_010,71749.78,901810
2025-02-27,S06_011,41213.82,442840
2025-02-27,S06_012,72453.78,412809
2025-02-27,S06_013,46746.16,208164
2025-02-27,S06_014,25779.68,314522
2025-02-27,S06_015,69065.54,349054
2025-02-27,S06_016,73109.17,2205147
2025-02-27,S06_017,51706.42,168313
2025-02-27,S06_018,29650.48,128471
2025-02-27,S06_019,75244.87,143734
2025-02-27,S06_020,57757.88,440389
2025-02-27,S06_021,69561.58,556540
2025-02-27,S06_022,45740.9,427836
2025-02-27,S06_023,36926.63,875137
2025-02-27,S06_024,23646.62,1091020
2025-02-27,S06_025,76299.69,826390
2025-02-27,S06_026,64860.23,460223
2025-02-27,S06_027,23198.44,147932
2025-02-27,S06_028,62827.26,604119
2025-02-27,S06_029,37944.28,287424
2025-02-27,S06_030,59305.97,240304
2025-02-28,S06_001,48225.16,680316
2025-02-28,S06_002,52754.61,57036
2025-02-28,S06_003,29089.81,189343
2025-02-28,S06_004,24280.86,273820
2025-02-28,S06_005,28531.34,803759
2025-02-28,S06_006,38559.14,285263
2025-02-28,S06_007,49176.41,1793742
2025-02-28,S06_008,46361.91,405176
2025-02-28,S06_009,60847.97,757380
2025-02-28,S06_010,73955.44,324448
2025-02-28,S06_011,41585.21,397342
2025-02-28,S06_012,71573.66,597245
2025-02-28,S06_013,46625.74,466264
2025-02-28,S06_014,25587.5,1001488
2025-02-28,S06_015,68346.38,363813
2025-02-28,S06_016,72272.48,708097
2025-02-28,S06_017,50342.41,110989
2025-02-28,S06_018,29387.73,99722
2025-02-28,S06_019,74974.38,196551
2025-02-28,S06_020,55689.28,299252
2025-02-28,S06_021,67787.4,931187
2025-02-28,S06_022,46128.29,293335
2025-02-28,S06_023,36621.42,721193
2025-02-28,S06_024,23779.41,1309004
2025-02-28,S06_025,76566.64,1027972
2025-02-28,S06_026,64857.04,235613
2025-02-28,S06_027,23260.34,158965
2025-02-28,S06_028,62714.4,746272
2025-02-28,S06_029,37880.84,481453
2025-02-28,S06_030,59405.94,205070
2025-03-03,S06_001,48176.49,1002700
2025-03-03,S06_002,52795.24,62706
2025-03-03,S06_003,29098.55,239337
2025-03-03,S06_004,24098.62,162773
2025-03-03,S06_005,28117.58,725775
2025-03-03,S06_006,39192.54,251493
2025-03-03,S06_007,49291.32,697868
2025-03-03,S06_008,47109.66,579177
2025-03-03,S06_009,60532.3,1014130
2025-03-03,S06_010,73386.07,1031529
2025-03-03,S06_011,40607.89,426821
2025-03-03,S06_012,71555.8,435675
2025-03-03,S06_013,47092.26,242940
2025-03-03,S06_014,25588.53,535803
2025-03-03,S06_015,66881.8,552763
2025-03-03,S06_016,72505.91,637844
2025-03-03,S06_017,53845.7,406589
2025-03-03,S06_018,30178.85,132279
2025-03-03,S06_019,75193.14,133513
2025-03-03,S06_020,55711.1,212473
2025-03-03,S06_021,64444.5,373211
2025-03-03,S06_022,46063.21,218999
2025-03-03,S06_023,37459.07,647557
2025-03-03,S06_024,23662.28,1012057
2025-03-03,S06_025,76285.38,372250
2025-03-03,S06_026,64847.88,329370
2025-03-03,S06_027,23336.51,145562
2025-03-03,S06_028,62753.3,564238
2025-03-03,S06_029,37820.27,299399
2025-03-03,S06_030,59649.29,202556
2025-03-04,S06_001,46494.87,1123733
2025-03-04,S06_002,52420.87,62127
2025-03-04,S06_003,29207.49,418303
2025-03-04,S06_004,23999.96,212302
2025-03-04,S06_005,28147.32,838941
2025-03-04,S06_006,38552.06,271555
2025-03-04,S06_007,49568.36,1231313
2025-03-04,S06_008,48355.22,274586
2025-03-04,S06_009,60289.25,516798
2025-03-04,S06_010,74353.02,832071
2025-03-04,S06_011,39796.89,1287167
2025-03-04,S06_012,70820.87,755486
2025-03-04,S06_013,47804.94,209391
2025-03-04,S06_014,25559.95,720261
2025-03-04,S06_015,66206.29,304648
2025-03-04,S06_016,74359.1,1112465
2025-03-04,S06_017,52446.57,243722
2025-03-04,S06_018,28863.26,121198
2025-03-04,S06_019,74845.02,84032
2025-03-04,S06_020,55709.38,479224
2025-03-04,S06_021,64024.24,403658
2025-03-04,S06_022,44449.12,152456
2025-03-04,S06_023,34631.69,1442849
2025-03-04,S06_024,23900.55,693412
2025-03-04,S06_025,76746.9,824866
2025-03-04,S06_026,64518.68,501807
2025-03-04,S06_027,23247.45,188837
2025-03-04,S06_028,62357.57,323271
2025-03-04,S06_029,37817.76,314785
2025-03-04,S06_030,59520.26,176013
2025-03-05,S06_001,45824.13,807995
2025-03-05,S06_002,52124.9,109207
2025-03-05,S06_003,28982.08,285009
2025-03-05,S06_004,24521.9,125289
2025-03-05,S06_005,27951.9,1001187
2025-03-05,S06_006,39157.88,153264
2025-03-05,S06_007,50627.67,545450
2025-03-05,S06_008,48821.43,330731
2025-03-05,S06_009,58275.44,652110
2025-03-05,S06_010,75313.13,1168601
2025-03-05,S06_011,39042.39,1001666
2025-03-05,S06_012,71080.91,442846
2025-03-05,S06_013,47614.65,293384
2025-03-05,S06_014,25354.91,738703
2025-03-05,S06_015,65498.08,356652
2025-03-05,S06_016,74185.42,547872
2025-03-05,S06_017,51860.69,249366
2025-03-05,S06_018,29569.36,95310
2025-03-05,S06_019,73914.34,150933
2025-03-05,S06_020,53279.17,631172
2025-03-05,S06_021,65118.51,451561
2025-03-05,S06_022,47184.51,699990
2025-03-05,S06_023,33028.22,961191
2025-03-05,S06_024,23799.07,963150
2025-03-05,S06_025,76429.17,498111
2025-03-05,S06_026,63897.74,602937
2025-03-05,S06_027,23274.41,137418
2025-03-05,S06_028,62751.25,389168
2025-03-05,S06_029,38074.57,424112
2025-03-05,S06_030,59533.73,342319
2025-03-06,S06_001,46718.53,1114513
2025-03-06,S06_002,51473.2,80345
2025-03-06,S06_003,28827.01,145653
2025-03-06,S06_004,24215.26,214058
2025-03-06,S06_005,28172.38,927008
2025-03-06,S06_006,39001.65,234270
2025-03-06,S06_007,51530.08,940325
2025-03-06,S06_008,48459.39,606068
2025-03-06,S06_009,57871.75,717196
2025-03-06,S06_010,76497.46,1382920
2025-03-06,S06_011,38650.63,399115
2025-03-06,S06_012,70749.24,770481
2025-03-06,S06_013,46712.77,220431
2025-03-06,S06_014,25210.89,688042
2025-03-06,S06_015,65710.27,454365
2025-03-06,S06_016,74129.36,944821
2025-03-06,S06_017,51795.24,157475
2025-03-06,S06_018,29323.65,88171
2025-03-06,S06_019,72493.31,156419
2025-03-06,S06_020,54919.92,360365
2025-03-06,S06_021,64670.06,428197
2025-03-06,S06_022,47281.31,293022
2025-03-06,S06_023,33761.63,456970
2025-03-06,S06_024,23831.34,1327875
2025-03-06,S06_025,76411.52,825909
2025-03-06,S06_026,63770.56,495195
2025-03-06,S06_027,23271.64,122834
2025-03-06,S06_028,62406.69,952260
2025-03-06,S06_029,38383.58,298304
2025-03-06,S06_030,59711.36,157277
2025-03-07,S06_001,45772.74,1030999
2025-03-07,S06_002,51712.93,88171
2025-03-07,S06_003,28872.92,511849
2025-03-07,S06_004,23826.04,180246
2025-03-07,S06_005,27995.38,694626
2025-03-07,S06_006,39367.02,200254
2025-03-07,S06_007,51614.72,588878
2025-03-07,S06_008,48151.91,239103
2025-03-07,S06_009,57689.2,562458
2025-03-07,S06_010,76084.37,854527
2025-03-07,S06_011,37821.15,536808
2025-03-07,S06_012,70720.62,555750
2025-03-07,S06_013,47289.71,351439
2025-03-07,S06_014,25096.26,474037
2025-03-07,S06_015,65755.53,286703
2025-03-07,S06_016,73423.31,1006112
2025-03-07,S06_017,51154.7,282696
2025-03-07,S06_018,30668.82,125137
2025-03-07,S06_019,74754.58,312577
2025-03-07,S06_020,54031.18,230670
2025-03-07,S06_021,65836.82,383002
2025-03-07,S06_022,48391.61,370621
2025-03-07,S06_023,33802.01,711426
2025-03-07,S06_024,23938.46,1278997
2025-03-07,S06_025,76590.53,553796
2025-03-07,S06_026,63949.04,257495
2025-03-07,S06_027,23204.31,324479
2025-03-07,S06_028,61962.32,763729
2025-03-07,S06_029,38483.36,196132
2025-03-07,S06_030,59850.95,382455
2025-03-10,S06_001,45784.47,590726
2025-03-10,S06_002,51137.32,98212
2025-03-10,S06_003,28958.56,268840
2025-03-10,S06_004,23754.36,189281
2025-03-10,S06_005,27644.37,1192068
2025-03-10,S06_006,39861.1,319218
2025-03-10,S06_007,51472.83,779769
2025-03-10,S06_008,48424.58,421942
2025-03-10,S06_009,57003.05,662564
2025-03-10,S06_010,76546.89,650607
2025-03-10,S06_011,38689.53,531651
2025-03-10,S06_012,71220.75,659992
2025-03-10,S06_013,47200.45,403494
2025-03-10,S06_014,24970.77,459413
2025-03-10,S06_015,64821.41,533822
2025-03-10,S06_016,71191.31,831638
2025-03-10,S06_017,48174.5,244094
2025-03-10,S06_018,29803.3,98212
2025-03-10,S06_019,72433.35,252090
2025-03-10,S06_020,54059.74,264476
2025-03-10,S06_021,65778.08,355680
2025-03-10,S06_022,50125.93,302947
2025-03-10,S06_023,33771.87,620217
2025-03-10,S06_024,23967.65,567831
2025-03-10,S06_025,76936.34,929667
2025-03-10,S06_026,64139.71,262192
2025-03-10,S06_027,23213.47,202379
2025-03-10,S06_028,62287.0,358285
2025-03-10,S06_029,38546.62,434489
2025-03-10,S06_030,59957.3,197484
2025-03-11,S06_001,46123.98,732614
2025-03-11,S06_002,51043.23,30145
2025-03-11,S06_003,28314.72,373996
2025-03-11,S06_004,23774.71,230679
2025-03-11,S06_005,27989.03,565347
2025-03-11,S06_006,40350.5,209852
2025-03-11,S06_007,52309.84,1242216
2025-03-11,S06_008,48258.93,147118
2025-03-11,S06_009,57502.54,532593
2025-03-11,S06_010,76678.05,1098173
2025-03-11,S06_011,37358.12,362519
2025-03-11,S06_012,70288.53,724071
2025-03-11,S06_013,47043.75,250992
2025-03-11,S06_014,24313.43,906444
2025-03-11,S06_015,63864.11,639093
2025-03-11,S06_016,70868.82,1276937
2025-03-11,S06_017,48322.87,281587
2025-03-11,S06_018,30314.72,59376
2025-03-11,S06_019,69400.94,559579
2025-03-11,S06_020,52646.87,315960
2025-03-11,S06_021,63496.12,491155
2025-03-11,S06_022,48803.42,377681
2025-03-11,S06_023,33581.34,795421
2025-03-11,S06_024,24030.24,1329467
2025-03-11,S06_025,76969.45,433368
2025-03-11,S06_026,64150.8,417040
2025-03-11,S06_027,23366.88,125797
2025-03-11,S06_028,63017.95,581636
2025-03-11,S06_029,38438.45,965103
2025-03-11,S06_030,60216.41,358867
2025-03-12,S06_001,46504.53,674835
2025-03-12,S06_002,50825.99,79586
2025-03-12,S06_003,28018.12,359442
2025-03-12,S06_004,23689.65,115208
2025-03-12,S06_005,27997.99,576985
2025-03-12,S06_006,40291.52,157113
2025-03-12,S06_007,52540.04,768999
2025-03-12,S06_008,48960.9,329548
2025-03-12,S06_009,58059.24,432048
2025-03-12,S06_010,76480.56,1334214
2025-03-12,S06_011,37513.14,516034
2025-03-12,S06_012,70165.39,853737
2025-03-12,S06_013,47611.05,236800
2025-03-12,S06_014,24693.59,530265
2025-03-12,S06_015,65253.97,364052
2025-03-12,S06_016,72095.57,509158
2025-03-12,S06_017,49172.8,191823
2025-03-12,S06_018,30736.54,180465
2025-03-12,S06_019,69369.18,167030
2025-03-12,S06_020,52298.84,443854
2025-03-12,S06_021,65530.1,565846
2025-03-12,S06_022,49201.96,509096
2025-03-12,S06_023,31258.49,946596
2025-03-12,S06_024,23959.39,726900
2025-03-12,S06_025,77619.37,780177
2025-03-12,S06_026,63863.17,461070
2025-03-12,S06_027,23427.93,116602
2025-03-12,S06_028,62714.54,1103829
2025-03-12,S06_029,38415.26,528942
2025-03-12,S06_030,60362.6,223526
2025-03-13,S06_001,48024.62,1447278
2025-03-13,S06_002,49990.86,187636
2025-03-13,S06_003,28269.57,297518
2025-03-13,S06_004,23683.51,245168
2025-03-13,S06_005,28308.37,1303801
2025-03-13,S06_006,39933.56,238819
2025-03-13,S06_007,53465.4,1737675
2025-03-13,S06_008,48894.24,261714
2025-03-13,S06_009,58125.56,404248
2025-03-13,S06_010,76361.12,907404
2025-03-13,S06_011,37267.67,679464
2025-03-13,S06_012,69829.58,745194
2025-03-13,S06_013,47468.34,405060
2025-03-13,S06_014,24580.67,463872
2025-03-13,S06_015,65872.98,593138
2025-03-13,S06_016,73243.18,754179
2025-03-13,S06_017,48700.83,293868
2025-03-13,S06_018,28849.17,91707
2025-03-13,S06_019,70576.15,175108
2025-03-13,S06_020,56208.18,794368
2025-03-13,S06_021,66947.15,646278
2025-03-13,S06_022,46816.71,363764
2025-03-13,S06_023,30233.5,860178
2025-03-13,S06_024,23918.15,777981
2025-03-13,S06_025,77066.86,375078
2025-03-13,S06_026,63405.82,459779
2025-03-13,S06_027,23426.45,78811
2025-03-13,S06_028,62819.1,595682
2025-03-13,S06_029,38442.91,282798
2025-03-13,S06_030,60134.97,286519
2025-03-14,S06_001,48048.79,709117
2025-03-14,S06_002,50431.23,128802
2025-03-14,S06_003,28571.19,464237
2025-03-14,S06_004,24159.74,216314
2025-03-14,S06_005,28162.13,936258
2025-03-14,S06_006,40224.26,184219
2025-03-14,S06_007,52069.59,1083361
2025-03-14,S06_008,49465.69,549694
2025-03-14,S06_009,57216.17,920122
2025-03-14,S06_010,74958.38,893577
2025-03-14,S06_011,37250.18,536036
2025-03-14,S06_012,68884.89,522607
2025-03-14,S06_013,48146.69,225409
2025-03-14,S06_014,24734.03,570083
2025-03-14,S06_015,66543.95,316084
2025-03-14,S06_016,71552.93,1378965
2025-03-14,S06_017,48347.47,241476
2025-03-14,S06_018,29105.56,49576
2025-03-14,S06_019,79481.51,290548
2025-03-14,S06_020,57076.98,410977
2025-03-14,S06_021,68449.48,535567
2025-03-14,S06_022,46597.0,646664
2025-03-14,S06_023,30176.55,792957
2025-03-14,S06_024,23950.21,828597
2025-03-14,S06_025,76340.12,376088
2025-03-14,S06_026,63512.84,170897
2025-03-14,S06_027,23398.64,124208
2025-03-14,S06_028,63619.92,505894
2025-03-14,S06_029,38622.01,348681
2025-03-14,S06_030,60202.19,147716
2025-03-17,S06_001,47564.94,737626
2025-03-17,S06_002,50400.4,100015
2025-03-17,S06_003,28064.5,310795
2025-03-17,S06_004,23852.0,181901
2025-03-17,S06_005,28779.84,720637
2025-03-17,S06_006,40661.04,265256
2025-03-17,S06_007,52171.23,888930
2025-03-17,S06_008,49951.09,254800
2025-03-17,S06_009,56509.15,692768
2025-03-17,S06_010,74841.04,1112953
2025-03-17,S06_011,36927.73,507926
2025-03-17,S06_012,69487.94,724115
2025-03-17,S06_013,48940.91,191932
2025-03-17,S06_014,24161.01,629214
2025-03-17,S06_015,66384.58,230849
2025-03-17,S06_016,71236.7,1076992
2025-03-17,S06_017,47851.07,355889
2025-03-17,S06_018,29696.21,82668
2025-03-17,S06_019,77679.23,188071
2025-03-17,S06_020,56546.68,308003
2025-03-17,S06_021,66969.19,401062
2025-03-17,S06_022,45431.01,367383
2025-03-17,S06_023,31537.89,1286641
2025-03-17,S06_024,24012.67,1613438
2025-03-17,S06_025,75827.81,379267
2025-03-17,S06_026,63834.6,198775
2025-03-17,S06_027,23368.47,113086
2025-03-17,S06_028,63156.73,385293
2025-03-17,S06_029,38608.45,394319
2025-03-17,S06_030,60669.84,127981
2025-03-18,S06_001,47134.81,1208590
2025-03-18,S06_002,51937.89,108172
2025-03-18,S06_003,28171.21,269632
2025-03-18,S06_004,23806.48,103353
2025-03-18,S06_005,28929.61,778495
2025-03-18,S06_006,40928.09,214066
2025-03-18,S06_007,53065.26,817086
2025-03-18,S06_008,49195.64,268601
2025-03-18,S06_009,57265.61,827203
2025-03-18,S06_010,74394.03,633221
2025-03-18,S06_011,36770.18,471283
2025-03-18,S06_012,67882.8,729395
2025-03-18,S06_013,49637.53,424291
2025-03-18,S06_014,24188.34,496279
2025-03-18,S06_015,65251.26,739064
2025-03-18,S06_016,73163.31,783041
2025-03-18,S06_017,46579.64,273029
2025-03-18,S06_018,29139.11,66509
2025-03-18,S06_019,77944.32,172321
2025-03-18,S06_020,54261.88,273539
2025-03-18,S06_021,63374.73,829600
2025-03-18,S06_022,45247.33,358171
2025-03-18,S06_023,31768.8,694582
2025-03-18,S06_024,23876.8,521274
2025-03-18,S06_025,75308.54,530727
2025-03-18,S06_026,63841.72,485681
2025-03-18,S06_027,23394.98,169078
2025-03-18,S06_028,63173.85,511732
2025-03-18,S06_029,38519.11,431705
2025-03-18,S06_030,60605.83,333433
2025-03-19,S06_001,47867.74,719701
2025-03-19,S06_002,51477.76,144760
2025-03-19,S06_003,29402.92,857282
2025-03-19,S06_004,24225.74,139512
2025-03-19,S06_005,28571.97,1543946
2025-03-19,S06_006,40936.01,281222
2025-03-19,S06_007,52379.66,671035
2025-03-19,S06_008,49214.13,262464
2025-03-19,S06_009,58979.17,503448
2025-03-19,S06_010,74125.68,854493
2025-03-19,S06_011,36252.17,499578
2025-03-19,S06_012,66573.14,834438
2025-03-19,S06_013,49907.68,317545
2025-03-19,S06_014,24100.63,553373
2025-03-19,S06_015,65449.5,393841
2025-03-19,S06_016,73953.99,660355
2025-03-19,S06_017,45651.17,332731
2025-03-19,S06_018,30449.36,292464
2025-03-19,S06_019,76880.32,142834
2025-03-19,S06_020,53539.95,402598
2025-03-19,S06_021,63406.27,463693
2025-03-19,S06_022,44981.94,487708
2025-03-19,S06_023,31574.25,731309
2025-03-19,S06_024,23923.92,722512
2025-03-19,S06_025,74881.28,518827
2025-03-19,S06_026,64269.32,379131
2025-03-19,S06_027,23401.35,157365
2025-03-19,S06_028,63442.56,789134
2025-03-19,S06_029,38522.31,309808
2025-03-19,S06_030,60782.62,358934
2025-03-20,S06_001,46545.12,655069
2025-03-20,S06_002,52670.5,120445
2025-03-20,S06_003,29857.89,189220
2025-03-20,S06_004,24746.27,237804
2025-03-20,S06_005,28039.39,755771
2025-03-20,S06_006,41306.74,158365
2025-03-20,S06_007,51538.84,719243
2025-03-20,S06_008,49901.92,322863
2025-03-20,S06_009,59653.74,705844
2025-03-20,S06_010,72917.12,776039
2025-03-20,S06_011,36768.2,611978
2025-03-20,S06_012,67042.63,595152
2025-03-20,S06_013,49902.35,283032
2025-03-20,S06_014,23578.76,713425
2025-03-20,S06_015,64803.39,436075
2025-03-20,S06_016,78461.51,1181847
2025-03-20,S06_017,43884.49,285346
2025-03-20,S06_018,31119.9,92496
2025-03-20,S06_019,70613.64,237969
2025-03-20,S06_020,47284.1,705415
2025-03-20,S06_021,58734.18,695272
2025-03-20,S06_022,39812.09,808912
2025-03-20,S06_023,29279.75,1736055
2025-03-20,S06_024,23865.6,1031264
2025-03-20,S06_025,74676.71,638897
2025-03-20,S06_026,64450.92,355288
2025-03-20,S06_027,23520.72,112101
2025-03-20,S06_028,63290.04,1190102
2025-03-20,S06_029,38706.2,648635
2025-03-20,S06_030,61271.89,175050
2025-03-21,S06_001,46743.52,309452
2025-03-21,S06_002,52781.61,82138
2025-03-21,S06_003,29490.68,334697
2025-03-21,S06_004,24861.71,156618
2025-03-21,S06_005,28165.24,588679
2025-03-21,S06_006,40544.8,383941
2025-03-21,S06_007,50737.25,1069172
2025-03-21,S06_008,49886.89,304251
2025-03-21,S06_009,59975.07,711091
2025-03-21,S06_010,72583.53,1005126
2025-03-21,S06_011,36098.64,943977
2025-03-21,S06_012,65704.74,1027556
2025-03-21,S06_013,49622.4,219625
2025-03-21,S06_014,24033.27,460432
2025-03-21,S06_015,67006.94,387144
2025-03-21,S06_016,75063.74,520478
2025-03-21,S06_017,44625.31,302623
2025-03-21,S06_018,29846.19,149164
2025-03-21,S06_019,72067.52,152899
2025-03-21,S06_020,47878.03,212308
2025-03-21,S06_021,57812.01,355609
2025-03-21,S06_022,41049.84,549783
2025-03-21,S06_023,28552.8,928900
2025-03-21,S06_024,23789.52,861392
2025-03-21,S06_025,74483.34,600083
2025-03-21,S06_026,64372.17,289801
2025-03-21,S06_027,23488.59,223652
2025-03-21,S06_028,63630.47,940656
2025-03-21,S06_029,38839.58,346984
2025-03-21,S06_030,61134.02,390006
2025-03-24,S06_001,47742.93,611658
2025-03-24,S06_002,52558.06,98865
2025-03-24,S06_003,29598.54,339751
2025-03-24,S06_004,24342.16,256081
2025-03-24,S06_005,28335.56,766480
2025-03-24,S06_006,40941.01,247502
2025-03-24,S06_007,50893.15,653192
2025-03-24,S06_008,50162.67,299262
2025-03-24,S06_009,59177.35,495175
2025-03-24,S06_010,72805.54,769570
2025-03-24,S06_011,35978.22,472442
2025-03-24,S06_012,67060.41,669417
2025-03-24,S06_013,48946.42,391393
2025-03-24,S06_014,24432.41,430165
2025-03-24,S06_015,66216.75,301111
2025-03-24,S06_016,68919.58,1214309
2025-03-24,S06_017,45955.18,250797
2025-03-24,S06_018,29195.01,102273
2025-03-24,S06_019,70121.81,194017
2025-03-24,S06_020,46762.28,337743
2025-03-24,S06_021,56480.39,716787
2025-03-24,S06_022,41727.91,872848
2025-03-24,S06_023,30013.17,251227
2025-03-24,S06_024,23912.34,867462
2025-03-24,S06_025,74321.44,513741
2025-03-24,S06_026,64040.08,256710
2025-03-24,S06_027,23601.67,112435
2025-03-24,S06_028,63785.56,696958
2025-03-24,S06_029,38915.31,440542
2025-03-24,S06_030,60794.15,117454
2025-03-25,S06_001,47863.67,664529
2025-03-25,S06_002,52015.03,119565
2025-03-25,S06_003,29721.59,367915
2025-03-25,S06_004,24587.71,213242
2025-03-25,S06_005,28602.71,1028596
2025-03-25,S06_006,40879.13,207419
2025-03-25,S06_007,50556.76,785541
2025-03-25,S06_008,50335.12,393808
2025-03-25,S06_009,59210.77,479852
2025-03-25,S06_010,71916.36,827074
2025-03-25,S06_011,37066.84,491163
2025-03-25,S06_012,65672.06,377561
2025-03-25,S06_013,49765.85,412006
2025-03-25,S06_014,24535.68,703053
2025-03-25,S06_015,67312.46,422914
2025-03-25,S06_016,72077.11,1111635
2025-03-25,S06_017,45191.58,231078
2025-03-25,S06_018,28335.71,49503
2025-03-25,S06_019,70965.17,309929
2025-03-25,S06_020,47915.14,457140
2025-03-25,S06_021,57071.85,459834
2025-03-25,S06_022,41533.56,462049
2025-03-25,S06_023,29738.27,481956
2025-03-25,S06_024,23887.03,1177405
2025-03-25,S06_025,73916.41,624269
2025-03-25,S06_026,63851.95,322782
2025-03-25,S06_027,23565.53,220615
2025-03-25,S06_028,63485.87,588755
2025-03-25,S06_029,38941.69,738128
2025-03-25,S06_030,60781.98,212158
2025-03-26,S06_001,48696.43,951159
2025-03-26,S06_002,51263.8,142324
2025-03-26,S06_003,29699.77,559154
2025-03-26,S06_004,24853.38,127518
2025-03-26,S06_005,28019.05,930995
2025-03-26,S06_006,41467.24,311057
2025-03-26,S06_007,50877.61,768119
2025-03-26,S06_008,49903.05,258495
2025-03-26,S06_009,58172.73,1020243
2025-03-26,S06_010,72171.73,997088
2025-03-26,S06_011,37400.49,410691
2025-03-26,S06_012,66857.47,640681
2025-03-26,S06_013,49787.75,151266
2025-03-26,S06_014,24777.49,692363
2025-03-26,S06_015,66943.9,796789
2025-03-26,S06_016,77921.76,934336
2025-03-26,S06_017,46724.71,382470
2025-03-26,S06_018,28607.21,127195
2025-03-26,S06_019,68999.83,287586
2025-03-26,S06_020,47511.91,289430
2025-03-26,S06_021,53802.27,782153
2025-03-26,S06_022,45263.87,575862
2025-03-26,S06_023,31435.09,895227
2025-03-26,S06_024,23878.67,522737
2025-03-26,S06_025,73889.32,493073
2025-03-26,S06_026,63237.26,273551
2025-03-26,S06_027,23682.98,128101
2025-03-26,S06_028,63133.6,425017
2025-03-26,S06_029,38862.24,399093
2025-03-26,S06_030,60636.87,179030
2025-03-27,S06_001,47529.78,714163
2025-03-27,S06_002,50943.4,56034
2025-03-27,S06_003,30108.44,335411
2025-03-27,S06_004,24974.86,155191
2025-03-27,S06_005,27456.64,1161772
2025-03-27,S06_006,41586.54,261161
2025-03-27,S06_007,51552.56,1564540
2025-03-27,S06_008,51019.62,468768
2025-03-27,S06_009,58558.66,548292
2025-03-27,S06_010,72231.56,1280548
2025-03-27,S06_011,36758.22,1086130
2025-03-27,S06_012,67528.91,447655
2025-03-27,S06_013,49419.95,786655
2025-03-27,S06_014,24890.1,521951
2025-03-27,S06_015,66809.82,338954
2025-03-27,S06_016,79898.41,900972
2025-03-27,S06_017,48659.93,267228
2025-03-27,S06_018,29299.65,67136
2025-03-27,S06_019,67965.29,496609
2025-03-27,S06_020,45209.58,417083
2025-03-27,S06_021,50359.37,531874
2025-03-27,S06_022,43523.69,570321
2025-03-27,S06_023,31082.98,883967
2025-03-27,S06_024,23922.94,700383
2025-03-27,S06_025,74104.86,666223
2025-03-27,S06_026,63322.67,307611
2025-03-27,S06_027,23915.6,245775
2025-03-27,S06_028,62949.08,554828
2025-03-27,S06_029,38851.72,849947
2025-03-27,S06_030,60647.44,204289
2025-03-28,S06_001,48332.85,515562
2025-03-28,S06_002,50566.76,93693
2025-03-28,S06_003,30576.59,225088
2025-03-28,S06_004,24863.86,151253
2025-03-28,S06_005,26889.87,623827
2025-03-28,S06_006,41927.93,266521
2025-03-28,S06_007,51231.47,903350
2025-03-28,S06_008,50632.0,286729
2025-03-28,S06_009,58233.59,737695
2025-03-28,S06_010,71863.06,1032147
2025-03-28,S06_011,37326.41,1065292
2025-03-28,S06_012,66019.36,557369
2025-03-28,S06_013,49773.71,190623
2025-03-28,S06_014,24736.62,490916
2025-03-28,S06_015,67940.28,605162
2025-03-28,S06_016,77591.83,923694
2025-03-28,S06_017,48096.4,130021
2025-03-28,S06_018,28070.37,127989
2025-03-28,S06_019,69872.18,205162
2025-03-28,S06_020,46826.98,520810
2025-03-28,S06_021,51599.52,382417
2025-03-28,S06_022,41669.36,332775
2025-03-28,S06_023,30984.11,1031545
2025-03-28,S06_024,23977.78,2122845
2025-03-28,S06_025,73925.8,400124
2025-03-28,S06_026,63377.76,703585
2025-03-28,S06_027,24155.96,142509
2025-03-28,S06_028,62814.09,333307
2025-03-28,S06_029,38795.27,486370
2025-03-28,S06_030,60330.84,337020
2025-03-31,S06_001,48521.79,717935
2025-03-31,S06_002,50385.07,120532
2025-03-31,S06_003,30430.69,327624
2025-03-31,S06_004,24665.9,215313
2025-03-31,S06_005,26613.41,521704
2025-03-31,S06_006,42262.62,249273
2025-03-31,S06_007,51636.35,948630
2025-03-31,S06_008,50141.24,186781
2025-03-31,S06_009,57303.85,474006
2025-03-31,S06_010,72360.11,1108358
2025-03-31,S06_011,37432.87,524240
2025-03-31,S06_012,65926.83,538980
2025-03-31,S06_013,50699.69,260690
2025-03-31,S06_014,24153.34,857804
2025-03-31,S06_015,66845.05,849318
2025-03-31,S06_016,76755.52,504520
2025-03-31,S06_017,52547.41,377117
2025-03-31,S06_018,27531.33,59075
2025-03-31,S06_019,68982.49,273868
2025-03-31,S06_020,46172.84,342636
2025-03-31,S06_021,51816.92,260103
2025-03-31,S06_022,43759.15,484046
2025-03-31,S06_023,30851.63,385123
2025-03-31,S06_024,23968.63,607295
2025-03-31,S06_025,73809.8,639993
2025-03-31,S06_026,63586.92,366587
2025-03-31,S06_027,24292.12,138197
2025-03-31,S06_028,62815.58,783919
2025-03-31,S06_029,38689.15,358697
2025-03-31,S06_030,60032.24,125818
2025-04-01,S06_001,48278.01,354246
2025-04-01,S06_002,50016.26,74018
2025-04-01,S06_003,30715.1,306093
2025-04-01,S06_004,24958.43,168726
2025-04-01,S06_005,26830.06,1093612
2025-04-01,S06_006,42113.96,263870
2025-04-01,S06_007,51769.49,629509
2025-04-01,S06_008,50850.12,364712
2025-04-01,S06_009,56927.18,944229
2025-04-01,S06_010,73230.14,1236502
2025-04-01,S06_011,37166.15,569047
2025-04-01,S06_012,64603.47,740456
2025-04-01,S06_013,50783.73,248308
2025-04-01,S06_014,23797.55,423383
2025-04-01,S06_015,67810.35,400428
2025-04-01,S06_016,75111.01,863162
2025-04-01,S06_017,50967.61,379837
2025-04-01,S06_018,27176.58,98493
2025-04-01,S06_019,68631.34,155275
2025-04-01,S06_020,44904.66,172268
2025-04-01,S06_021,52518.38,473025
2025-04-01,S06_022,45100.11,849399
2025-04-01,S06_023,31119.53,537783
2025-04-01,S06_024,23962.47,893725
2025-04-01,S06_025,74083.9,320962
2025-04-01,S06_026,63516.47,267083
2025-04-01,S06_027,24524.95,274402
2025-04-01,S06_028,63317.82,662286
2025-04-01,S06_029,38603.75,388074
2025-04-01,S06_030,59984.59,231214
2025-04-02,S06_001,48044.66,972499
2025-04-02,S06_002,50628.42,86928
2025-04-02,S06_003,30504.22,451293
2025-04-02,S06_004,25100.5,155088
2025-04-02,S06_005,26857.15,496379
2025-04-02,S06_006,41775.9,198167
2025-04-02,S06_007,50611.31,717590
2025-04-02,S06_008,50588.93,421065
2025-04-02,S06_009,57178.71,510673
2025-04-02,S06_010,72760.99,762158
2025-04-02,S06_011,37506.97,510908
2025-04-02,S06_012,63795.48,528119
2025-04-02,S06_013,51438.72,161494
2025-04-02,S06_014,23603.59,411463
2025-04-02,S06_015,67275.17,413146
2025-04-02,S06_016,74290.35,517980
2025-04-02,S06_017,49041.89,260336
2025-04-02,S06_018,27527.16,88036
2025-04-02,S06_019,71136.49,245600
2025-04-02,S06_020,44778.09,458424
2025-04-02,S06_021,52696.99,307779
2025-04-02,S06_022,46853.68,375345
2025-04-02,S06_023,29650.95,954126
2025-04-02,S06_024,23878.11,748869
2025-04-02,S06_025,74311.11,921705
2025-04-02,S06_026,63340.9,276825
2025-04-02,S06_027,24437.63,118180
2025-04-02,S06_028,63162.88,577920
2025-04-02,S06_029,38598.82,342812
2025-04-02,S06_030,59859.9,128029
2025-04-03,S06_001,49130.8,1139095
2025-04-03,S06_002,50045.68,158621
2025-04-03,S06_003,30512.77,369346
2025-04-03,S06_004,25452.49,193476
2025-04-03,S06_005,26335.53,558007
2025-04-03,S06_006,42287.72,268323
2025-04-03,S06_007,50105.95,623992
2025-04-03,S06_008,50705.16,259326
2025-04-03,S06_009,57285.73,540102
2025-04-03,S06_010,72055.44,922517
2025-04-03,S06_011,38110.34,401444
2025-04-03,S06_012,63289.0,955469
2025-04-03,S06_013,52180.29,229610
2025-04-03,S06_014,24220.41,519837
2025-04-03,S06_015,67736.11,361433
2025-04-03,S06_016,75082.94,663151
2025-04-03,S06_017,47759.32,236585
2025-04-03,S06_018,26369.56,101803
2025-04-03,S06_019,76497.47,232026
2025-04-03,S06_020,45329.41,387388
2025-04-03,S06_021,50120.91,403711
2025-04-03,S06_022,49177.57,579573
2025-04-03,S06_023,29662.29,580251
2025-04-03,S06_024,23891.78,452575
2025-04-03,S06_025,74133.46,383957
2025-04-03,S06_026,63340.45,318245
2025-04-03,S06_027,24355.94,254502
2025-04-03,S06_028,63183.08,370214
2025-04-03,S06_029,38696.38,256569
2025-04-03,S06_030,60259.35,168787
2025-04-04,S06_001,48712.38,364206
2025-04-04,S06_002,49671.35,97069
2025-04-04,S06_003,31158.57,313592
2025-04-04,S06_004,25389.08,141785
2025-04-04,S06_005,25880.68,632246
2025-04-04,S06_006,42492.98,176210
2025-04-04,S06_007,50497.35,834584
2025-04-04,S06_008,51035.54,376397
2025-04-04,S06_009,57282.92,657017
2025-04-04,S06_010,72592.8,819317
2025-04-04,S06_011,37700.19,555984
2025-04-04,S06_012,61496.65,677264
2025-04-04,S06_013,52225.64,236410
2025-04-04,S06_014,23911.14,274959
2025-04-04,S06_015,68458.82,340338
2025-04-04,S06_016,76248.77,717254
2025-04-04,S06_017,47059.74,187736
2025-04-04,S06_018,25178.81,110323
2025-04-04,S06_019,79252.42,423352
2025-04-04,S06_020,44483.67,206787
2025-04-04,S06_021,48860.42,655571
2025-04-04,S06_022,51525.81,371862
2025-04-04,S06_023,29022.95,753233
2025-04-04,S06_024,23916.89,602044
2025-04-04,S06_025,74480.86,379453
2025-04-04,S06_026,63231.2,182748
2025-04-04,S06_027,24383.19,153538
2025-04-04,S06_028,63651.44,690821
2025-04-04,S06_029,38730.34,125038
2025-04-04,S06_030,60075.73,252208
2025-04-07,S06_001,48327.59,489461
2025-04-07,S06_002,49588.95,67434
2025-04-07,S06_003,30866.28,267106
2025-04-07,S06_004,25551.38,207781
2025-04-07,S06_005,26006.46,548234
2025-04-07,S06_006,42674.56,161552
2025-04-07,S06_007,50942.68,503311
2025-04-07,S06_008,51735.79,326918
2025-04-07,S06_009,57489.57,1451069
2025-04-07,S06_010,71982.03,857173
2025-04-07,S06_011,37427.39,337217
2025-04-07,S06_012,60812.15,549128
2025-04-07,S06_013,52011.6,260336
2025-04-07,S06_014,23783.19,1130090
2025-04-07,S06_015,69037.69,338141
2025-04-07,S06_016,73808.4,1549364
2025-04-07,S06_017,48309.19,196990
2025-04-07,S06_018,25122.69,70608
2025-04-07,S06_019,79303.64,160992
2025-04-07,S06_020,45415.44,476395
2025-04-07,S06_021,48264.04,534485
2025-04-07,S06_022,50086.84,302313
2025-04-07,S06_023,28937.52,611148
2025-04-07,S06_024,24012.17,617617
2025-04-07,S06_025,74354.15,877822
2025-04-07,S06_026,63417.72,406660
2025-04-07,S06_027,24458.8,131514
2025-04-07,S06_028,63902.75,557348
2025-04-07,S06_029,38734.11,309793
2025-04-07,S06_030,59971.28,217149
2025-04-08,S06_001,49344.16,790061
2025-04-08,S06_002,49169.94,56507
2025-04-08,S06_003,31227.37,361455
2025-04-08,S06_004,25248.83,174332
2025-04-08,S06_005,26387.62,642224
2025-04-08,S06_006,43190.44,186680
2025-04-08,S06_007,50169.24,1163086
2025-04-08,S06_008,50519.65,336162
2025-04-08,S06_009,56638.47,527837
2025-04-08,S06_010,70818.64,797404
2025-04-08,S06_011,37137.22,420882
2025-04-08,S06_012,60506.3,791549
2025-04-08,S06_013,52624.83,238704
2025-04-08,S06_014,23778.98,368535
2025-04-08,S06_015,67806.32,194785
2025-04-08,S06_016,74618.06,1097337
2025-04-08,S06_017,47240.18,175534
2025-04-08,S06_018,25299.65,41075
2025-04-08,S06_019,77103.51,159794
2025-04-08,S06_020,43973.43,282230
2025-04-08,S06_021,49059.18,349172
2025-04-08,S06_022,49817.09,294784
2025-04-08,S06_023,28551.63,808388
2025-04-08,S06_024,24123.99,1180359
2025-04-08,S06_025,74519.17,455930
2025-04-08,S06_026,63759.9,609380
2025-04-08,S06_027,24464.62,176101
2025-04-08,S06_028,63902.9,682543
2025-04-08,S06_029,38815.51,209253
2025-04-08,S06_030,60088.44,228446
2025-04-09,S06_001,49593.65,1135038
2025-04-09,S06_002,49798.02,89641
2025-04-09,S06_003,30799.91,350966
2025-04-09,S06_004,25741.44,260709
2025-04-09,S06_005,26571.73,427027
2025-04-09,S06_006,43553.98,121869
2025-04-09,S06_007,50165.3,954630
2025-04-09,S06_008,50502.07,427596
2025-04-09,S06_009,55853.49,626448
2025-04-09,S06_010,71421.01,810477
2025-04-09,S06_011,37362.56,461187
2025-04-09,S06_012,60206.8,626607
2025-04-09,S06_013,52792.18,429520
2025-04-09,S06_014,23903.14,821632
2025-04-09,S06_015,67260.61,346166
2025-04-09,S06_016,68115.85,2048923
2025-04-09,S06_017,44223.87,271238
2025-04-09,S06_018,25992.91,129115
2025-04-09,S06_019,75128.8,212457
2025-04-09,S06_020,45691.43,523375
2025-04-09,S06_021,48211.21,191176
2025-04-09,S06_022,51001.33,687352
2025-04-09,S06_023,26931.31,1571767
2025-04-09,S06_024,24052.8,634699
2025-04-09,S06_025,74120.87,868151
2025-04-09,S06_026,63584.47,396773
2025-04-09,S06_027,24490.35,196978
2025-04-09,S06_028,63825.01,587295
2025-04-09,S06_029,38655.18,307006
2025-04-09,S06_030,60762.17,147756
2025-04-10,S06_001,49961.85,633772
2025-04-10,S06_002,49316.4,75091
2025-04-10,S06_003,30630.4,179592
2025-04-10,S06_004,26318.84,228284
2025-04-10,S06_005,27094.15,1296549
2025-04-10,S06_006,44312.67,151906
2025-04-10,S06_007,48960.81,640910
2025-04-10,S06_008,50392.75,439073
2025-04-10,S06_009,55170.76,927104
2025-04-10,S06_010,70884.41,774733
2025-04-10,S06_011,37747.51,795195
2025-04-10,S06_012,58995.47,391851
2025-04-10,S06_013,52942.61,325775
2025-04-10,S06_014,23813.55,638538
2025-04-10,S06_015,67275.27,297796
2025-04-10,S06_016,71549.06,850600
2025-04-10,S06_017,43425.99,143875
2025-04-10,S06_018,28215.99,196697
2025-04-10,S06_019,72478.04,174975
2025-04-10,S06_020,43223.35,270566
2025-04-10,S06_021,48939.1,309567
2025-04-10,S06_022,48714.23,506201
2025-04-10,S06_023,26578.75,648829
2025-04-10,S06_024,24152.64,1286418
2025-04-10,S06_025,73848.43,559741
2025-04-10,S06_026,63959.35,280682
2025-04-10,S06_027,24600.97,121285
2025-04-10,S06_028,63385.61,863788
2025-04-10,S06_029,38350.39,649769
2025-04-10,S06_030,60701.8,317758
2025-04-11,S06_001,49418.74,750265
2025-04-11,S06_002,49192.17,131751
2025-04-11,S06_003,30437.31,191799
2025-04-11,S06_004,26329.61,163198
2025-04-11,S06_005,27246.63,450090
2025-04-11,S06_006,44168.67,186837
2025-04-11,S06_007,49020.68,764962
2025-04-11,S06_008,50437.49,240593
2025-04-11,S06_009,54179.79,662795
2025-04-11,S06_010,71312.64,660740
2025-04-11,S06_011,38014.6,558394
2025-04-11,S06_012,58510.04,403934
2025-04-11,S06_013,52861.26,394139
2025-04-11,S06_014,23660.92,670085
2025-04-11,S06_015,66284.42,430974
2025-04-11,S06_016,68280.96,921442
2025-04-11,S06_017,42986.47,112568
2025-04-11,S06_018,27574.56,108136
2025-04-11,S06_019,70781.67,379496
2025-04-11,S06_020,42391.64,422863
2025-04-11,S06_021,47573.88,1004906
2025-04-11,S06_022,47535.6,360901
2025-04-11,S06_023,27398.97,698210
2025-04-11,S06_024,24039.99,675576
2025-04-11,S06_025,73440.61,325039
2025-04-11,S06_026,64274.39,281720
2025-04-11,S06_027,24594.62,167655
2025-04-11,S06_028,63309.11,281359
2025-04-11,S06_029,38147.0,373464
2025-04-11,S06_030,60948.17,168773
2025-04-14,S06_001,48872.72,718016
2025-04-14,S06_002,49024.65,68537
2025-04-14,S06_003,30171.85,362345
2025-04-14,S06_004,25785.98,282743
2025-04-14,S06_005,27775.72,1731273
2025-04-14,S06_006,44495.2,125730
2025-04-14,S06_007,49449.65,1275206
2025-04-14,S06_008,50978.49,271729
2025-04-14,S06_009,54133.34,584892
2025-04-14,S06_010,70049.31,403014
2025-04-14,S06_011,37493.09,413337
2025-04-14,S06_012,58535.64,975375
2025-04-14,S06_013,53000.15,262134
2025-04-14,S06_014,24412.09,1197212
2025-04-14,S06_015,66492.68,876875
2025-04-14,S06_016,68414.44,848957
2025-04-14,S06_017,43590.58,215277
2025-04-14,S06_018,26813.45,61841
2025-04-14,S06_019,70671.47,186254
2025-04-14,S06_020,43899.65,415705
2025-04-14,S06_021,50001.03,590001
2025-04-14,S06_022,50484.6,442443
2025-04-14,S06_023,27220.84,755068
2025-04-14,S06_024,24060.95,983481
2025-04-14,S06_025,73397.1,497706
2025-04-14,S06_026,64160.47,316385
2025-04-14,S06_027,24548.49,188699
2025-04-14,S06_028,63915.72,681663
2025-04-14,S06_029,38257.13,732894
2025-04-14,S06_030,60835.72,295605
2025-04-15,S06_001,49987.67,425843
2025-04-15,S06_002,48862.77,117419
2025-04-15,S06_003,29715.88,233933
2025-04-15,S06_004,26184.25,139673
2025-04-15,S06_005,28618.47,1144897
2025-04-15,S06_006,45257.28,200062
2025-04-15,S06_007,48598.0,907488
2025-04-15,S06_008,51963.43,501907
2025-04-15,S06_009,53056.24,1302279
2025-04-15,S06_010,70222.37,830176
2025-04-15,S06_011,38379.19,870793
2025-04-15,S06_012,58976.76,578782
2025-04-15,S06_013,52644.14,375717
2025-04-15,S06_014,24229.2,692173
2025-04-15,S06_015,67277.3,479700
2025-04-15,S06_016,69591.16,888170
2025-04-15,S06_017,40055.02,410376
2025-04-15,S06_018,27191.13,80612
2025-04-15,S06_019,70121.92,344204
2025-04-15,S06_020,43023.55,251366
2025-04-15,S06_021,50188.39,337809
2025-04-15,S06_022,48489.68,396560
2025-04-15,S06_023,26699.95,761612
2025-04-15,S06_024,24174.66,956747
2025-04-15,S06_025,73212.02,252047
2025-04-15,S06_026,64203.36,345166
2025-04-15,S06_027,24613.58,120014
2025-04-15,S06_028,63716.28,802541
2025-04-15,S06_029,38558.43,366803
2025-04-15,S06_030,60498.27,211708
2025-04-16,S06_001,50260.92,568729
2025-04-16,S06_002,50195.56,101026
2025-04-16,S06_003,29308.51,202633
2025-04-16,S06_004,26861.6,190364
2025-04-16,S06_005,28572.16,1795543
2025-04-16,S06_006,44965.6,279934
2025-04-16,S06_007,48084.18,583636
2025-04-16,S06_008,52162.14,252389
2025-04-16,S06_009,53172.14,885149
2025-04-16,S06_010,70181.98,1353397
2025-04-16,S06_011,37921.93,541218
2025-04-16,S06_012,60813.84,658823
2025-04-16,S06_013,52286.1,321141
2025-04-16,S06_014,24973.36,675494
2025-04-16,S06_015,66713.87,442676
2025-04-16,S06_016,70096.63,1166150
2025-04-16,S06_017,39630.51,128903
2025-04-16,S06_018,27303.2,93641
2025-04-16,S06_019,69493.57,189164
2025-04-16,S06_020,42402.96,344004
2025-04-16,S06_021,50817.59,587655
2025-04-16,S06_022,49299.24,393329
2025-04-16,S06_023,24843.09,2168667
2025-04-16,S06_024,24301.91,866102
2025-04-16,S06_025,72943.35,637885
2025-04-16,S06_026,64079.38,329029
2025-04-16,S06_027,24660.35,221510
2025-04-16,S06_028,63988.5,650226
2025-04-16,S06_029,38530.5,563230
2025-04-16,S06_030,60291.49,294957
2025-04-17,S06_001,50316.32,480847
2025-04-17,S06_002,51017.9,81893
2025-04-17,S06_003,28722.59,369984
2025-04-17,S06_004,26770.95,163046
2025-04-17,S06_005,28841.58,605386
2025-04-17,S06_006,44489.32,196182
2025-04-17,S06_007,47384.9,1344252
2025-04-17,S06_008,51752.27,273178
2025-04-17,S06_009,52051.95,1349542
2025-04-17,S06_010,70877.41,1025061
2025-04-17,S06_011,38006.69,380937
2025-04-17,S06_012,61582.49,907964
2025-04-17,S06_013,53755.45,441509
2025-04-17,S06_014,24817.73,964940
2025-04-17,S06_015,67383.47,354960
2025-04-17,S06_016,71327.26,1077352
2025-04-17,S06_017,39574.03,423998
2025-04-17,S06_018,28235.64,74617
2025-04-17,S06_019,70543.69,197033
2025-04-17,S06_020,40189.34,699378
2025-04-17,S06_021,51637.53,368983
2025-04-17,S06_022,49365.05,254942
2025-04-17,S06_023,24486.82,646941
2025-04-17,S06_024,24351.07,1113384
2025-04-17,S06_025,72992.26,717202
2025-04-17,S06_026,63987.2,372202
2025-04-17,S06_027,24627.46,218622
2025-04-17,S06_028,63791.73,597464
2025-04-17,S06_029,38642.01,407780
2025-04-17,S06_030,60209.69,389615
2025-04-18,S06_001,50187.27,674244
2025-04-18,S06_002,51385.93,81578
2025-04-18,S06_003,28486.22,207418
2025-04-18,S06_004,26676.78,178833
2025-04-18,S06_005,28127.42,738590
2025-04-18,S06_006,44479.53,178993
2025-04-18,S06_007,47558.48,1174209
2025-04-18,S06_008,51967.55,326554
2025-04-18,S06_009,52507.21,497331
2025-04-18,S06_010,69249.83,891247
2025-04-18,S06_011,37871.78,655537
2025-04-18,S06_012,60730.21,600997
2025-04-18,S06_013,53669.38,205425
2025-04-18,S06_014,24819.13,278651
2025-04-18,S06_015,67257.31,473232
2025-04-18,S06_016,74558.45,1368839
2025-04-18,S06_017,39655.13,274401
2025-04-18,S06_018,27820.26,113273
2025-04-18,S06_019,71731.49,201322
2025-04-18,S06_020,41465.5,711682
2025-04-18,S06_021,47378.57,472811
2025-04-18,S06_022,50113.91,439940
2025-04-18,S06_023,24733.66,852226
2025-04-18,S06_024,24463.77,907971
2025-04-18,S06_025,73251.55,663948
2025-04-18,S06_026,63721.91,315263
2025-04-18,S06_027,24594.11,187961
2025-04-18,S06_028,64001.79,947910
2025-04-18,S06_029,38422.68,377306
2025-04-18,S06_030,60642.96,212192
2025-04-21,S06_001,50162.58,490874
2025-04-21,S06_002,51621.5,133457
2025-04-21,S06_003,28219.21,284271
2025-04-21,S06_004,26584.13,130368
2025-04-21,S06_005,28397.64,1211846
2025-04-21,S06_006,44541.39,194245
2025-04-21,S06_007,48072.21,1319639
2025-04-21,S06_008,52402.73,303504
2025-04-21,S06_009,52641.84,778309
2025-04-21,S06_010,68046.6,583997
2025-04-21,S06_011,37310.64,606744
2025-04-21,S06_012,60192.77,519508
2025-04-21,S06_013,54152.82,451068
2025-04-21,S06_014,25052.5,919666
2025-04-21,S06_015,67360.68,387878
2025-04-21,S06_016,73014.64,800355
2025-04-21,S06_017,40650.52,254859
2025-04-21,S06_018,27007.93,137518
2025-04-21,S06_019,72218.38,188432
2025-04-21,S06_020,41325.66,285082
2025-04-21,S06_021,47932.01,488196
2025-04-21,S06_022,48013.22,619866
2025-04-21,S06_023,25797.09,693159
2025-04-21,S06_024,24500.02,1070051
2025-04-21,S06_025,73173.89,422976
2025-04-21,S06_026,63441.85,479822
2025-04-21,S06_027,24669.48,190227
2025-04-21,S06_028,64267.27,411005
2025-04-21,S06_029,38214.01,702144
2025-04-21,S06_030,60858.41,412050
2025-04-22,S06_001,49759.29,654337
2025-04-22,S06_002,52834.26,129147
2025-04-22,S06_003,28249.86,376006
2025-04-22,S06_004,26510.88,162469
2025-04-22,S06_005,28059.54,564141
2025-04-22,S06_006,44705.93,87722
2025-04-22,S06_007,49112.21,683001
2025-04-22,S06_008,52653.58,304100
2025-04-22,S06_009,51574.21,668093
2025-04-22,S06_010,69090.0,670250
2025-04-22,S06_011,37383.48,252931
2025-04-22,S06_012,60368.31,563648
2025-04-22,S06_013,53887.85,316110
2025-04-22,S06_014,24907.83,608021
2025-04-22,S06_015,67827.7,303596
2025-04-22,S06_016,73572.5,1039917
2025-04-22,S06_017,39385.88,412129
2025-04-22,S06_018,27694.05,78227
2025-04-22,S06_019,73561.41,231795
2025-04-22,S06_020,42302.47,502306
2025-04-22,S06_021,47722.52,444268
2025-04-22,S06_022,48802.57,363037
2025-04-22,S06_023,23191.74,986164
2025-04-22,S06_024,24444.58,501048
2025-04-22,S06_025,73212.76,572634
2025-04-22,S06_026,63479.09,171377
2025-04-22,S06_027,24611.2,178970
2025-04-22,S06_028,64111.06,398423
2025-04-22,S06_029,38233.39,871099
2025-04-22,S06_030,61050.08,270968
2025-04-23,S06_001,50061.42,628020
2025-04-23,S06_002,52778.03,92686
2025-04-23,S06_003,28754.96,224113
2025-04-23,S06_004,26883.08,138311
2025-04-23,S06_005,28290.41,1004308
2025-04-23,S06_006,45175.1,225984
2025-04-23,S06_007,48299.87,2561619
2025-04-23,S06_008,53401.24,351355
2025-04-23,S06_009,51845.13,574092
2025-04-23,S06_010,68956.72,447752
2025-04-23,S06_011,37374.73,549481
2025-04-23,S06_012,61256.96,540473
2025-04-23,S06_013,54806.94,325593
2025-04-23,S06_014,24453.91,621153
2025-04-23,S06_015,68751.23,483699
2025-04-23,S06_016,71993.69,752433
2025-04-23,S06_017,39209.06,181240
2025-04-23,S06_018,27721.49,126675
2025-04-23,S06_019,81164.24,334874
2025-04-23,S06_020,42762.82,197198
2025-04-23,S06_021,47165.45,289761
2025-04-23,S06_022,46043.95,303575
2025-04-23,S06_023,24227.4,618652
2025-04-23,S06_024,24565.17,567324
2025-04-23,S06_025,73159.55,344421
2025-04-23,S06_026,63225.79,226762
2025-04-23,S06_027,24476.14,143766
2025-04-23,S06_028,63926.2,601830
2025-04-23,S06_029,38494.95,381993
2025-04-23,S06_030,60933.4,235999
2025-04-24,S06_001,49729.13,647837
2025-04-24,S06_002,52644.83,71223
2025-04-24,S06_003,28971.67,365235
2025-04-24,S06_004,27064.39,100010
2025-04-24,S06_005,28161.61,724630
2025-04-24,S06_006,45507.54,269150
2025-04-24,S06_007,48349.21,928180
2025-04-24,S06_008,53043.3,338119
2025-04-24,S06_009,51728.72,581648
2025-04-24,S06_010,67887.82,1020798
2025-04-24,S06_011,37671.75,438145
2025-04-24,S06_012,62542.76,611726
2025-04-24,S06_013,55022.96,466579
2025-04-24,S06_014,24515.43,531339
2025-04-24,S06_015,67744.69,306814
2025-04-24,S06_016,74823.97,2157441
2025-04-24,S06_017,39326.63,207779
2025-04-24,S06_018,28701.41,87773
2025-04-24,S06_019,82719.17,146018
2025-04-24,S06_020,40246.97,674219
2025-04-24,S06_021,47706.51,405145
2025-04-24,S06_022,45500.93,395835
2025-04-24,S06_023,24716.75,813872
2025-04-24,S06_024,24317.0,717772
2025-04-24,S06_025,72834.87,656066
2025-04-24,S06_026,62963.1,480790
2025-04-24,S06_027,24349.99,183373
2025-04-24,S06_028,64084.05,775495
2025-04-24,S06_029,38525.69,292017
2025-04-24,S06_030,60778.99,146824
2025-04-25,S06_001,49544.84,894417
2025-04-25,S06_002,52653.25,109264
2025-04-25,S06_003,29129.98,394690
2025-04-25,S06_004,26735.4,157484
2025-04-25,S06_005,28337.57,1036773
2025-04-25,S06_006,47001.93,340771
2025-04-25,S06_007,49006.78,877421
2025-04-25,S06_008,52723.24,390473
2025-04-25,S06_009,52456.81,800812
2025-04-25,S06_010,68198.97,639077
2025-04-25,S06_011,37607.86,401151
2025-04-25,S06_012,61037.12,664832
2025-04-25,S06_013,54873.95,266744
2025-04-25,S06_014,24091.42,713591
2025-04-25,S06_015,68436.89,363281
2025-04-25,S06_016,74436.48,718450
2025-04-25,S06_017,38954.8,126989
2025-04-25,S06_018,28708.21,79773
2025-04-25,S06_019,85744.73,210234
2025-04-25,S06_020,37756.44,616930
2025-04-25,S06_021,46904.21,328014
2025-04-25,S06_022,45280.6,231014
2025-04-25,S06_023,24576.58,441500
2025-04-25,S06_024,24367.42,570480
2025-04-25,S06_025,72666.07,663658
2025-04-25,S06_026,63215.07,299550
2025-04-25,S06_027,24237.15,303431
2025-04-25,S06_028,64267.19,663671
2025-04-25,S06_029,38297.98,430365
2025-04-25,S06_030,60540.9,184484
2025-04-28,S06_001,49887.72,729899
2025-04-28,S06_002,52624.61,89367
2025-04-28,S06_003,28930.89,218178
2025-04-28,S06_004,26663.56,169665
2025-04-28,S06_005,27960.38,1249915
2025-04-28,S06_006,47773.77,192771
2025-04-28,S06_007,49253.73,938750
2025-04-28,S06_008,52908.72,368733
2025-04-28,S06_009,52328.24,592841
2025-04-28,S06_010,67705.46,1224403
2025-04-28,S06_011,37676.06,474610
2025-04-28,S06_012,61711.7,681294
2025-04-28,S06_013,53509.02,299246
2025-04-28,S06_014,23338.42,585769
2025-04-28,S06_015,69103.44,383812
2025-04-28,S06_016,74105.61,830299
2025-04-28,S06_017,39505.86,229468
2025-04-28,S06_018,28810.91,86120
2025-04-28,S06_019,88101.78,179648
2025-04-28,S06_020,36939.15,615376
2025-04-28,S06_021,48981.08,608066
2025-04-28,S06_022,45615.1,219354
2025-04-28,S06_023,23932.73,779769
2025-04-28,S06_024,24317.67,915821
2025-04-28,S06_025,73062.76,450250
2025-04-28,S06_026,63455.36,343436
2025-04-28,S06_027,24126.87,66524
2025-04-28,S06_028,64490.64,911150
2025-04-28,S06_029,38243.19,472739
2025-04-28,S06_030,60728.83,246063
2025-04-29,S06_001,50808.03,638421
2025-04-29,S06_002,52868.86,76966
2025-04-29,S06_003,29138.43,504361
2025-04-29,S06_004,26776.29,111739
2025-04-29,S06_005,27863.78,624268
2025-04-29,S06_006,47472.7,344363
2025-04-29,S06_007,48518.67,1200716
2025-04-29,S06_008,53721.1,684892
2025-04-29,S06_009,51163.44,503176
2025-04-29,S06_010,67037.94,399891
2025-04-29,S06_011,38525.18,329433
2025-04-29,S06_012,60572.33,576099
2025-04-29,S06_013,53047.11,471291
2025-04-29,S06_014,23445.94,425434
2025-04-29,S06_015,69116.68,349095
2025-04-29,S06_016,73537.24,1043037
2025-04-29,S06_017,38271.19,298064
2025-04-29,S06_018,27214.0,172887
2025-04-29,S06_019,87198.44,150443
2025-04-29,S06_020,39198.64,370089
2025-04-29,S06_021,52022.71,569237
2025-04-29,S06_022,47509.47,548189
2025-04-29,S06_023,24677.68,1158798
2025-04-29,S06_024,24313.91,827668
2025-04-29,S06_025,72917.05,420828
2025-04-29,S06_026,63477.26,286507
2025-04-29,S06_027,24180.21,123504
2025-04-29,S06_028,64486.11,1021122
2025-04-29,S06_029,38056.3,527896
2025-04-29,S06_030,60980.9,198917
2025-04-30,S06_001,51633.18,804261
2025-04-30,S06_002,52963.24,64012
2025-04-30,S06_003,29395.16,239203
2025-04-30,S06_004,26589.93,142171
2025-04-30,S06_005,28140.08,599770
2025-04-30,S06_006,48031.78,238340
2025-04-30,S06_007,48484.41,1379091
2025-04-30,S06_008,54922.34,496585
2025-04-30,S06_009,50830.86,457282
2025-04-30,S06_010,68449.35,773563
2025-04-30,S06_011,38386.39,493173
2025-04-30,S06_012,60237.27,561447
2025-04-30,S06_013,53554.15,269575
2025-04-30,S06_014,23090.92,641971
2025-04-30,S06_015,68058.14,719488
2025-04-30,S06_016,74380.17,1833746
2025-04-30,S06_017,38901.81,205281
2025-04-30,S06_018,26478.17,93512
2025-04-30,S06_019,89987.03,120136
2025-04-30,S06_020,38733.25,280084
2025-04-30,S06_021,52260.89,607848
2025-04-30,S06_022,46097.9,186170
2025-04-30,S06_023,24776.53,827604
2025-04-30,S06_024,24547.82,1481944
2025-04-30,S06_025,73497.97,403406
2025-04-30,S06_026,63356.23,209303
2025-04-30,S06_027,24158.23,131523
2025-04-30,S06_028,64184.0,523420
2025-04-30,S06_029,38129.76,442276
2025-04-30,S06_030,61215.63,248989
2025-05-01,S06_001,51297.17,535990
2025-05-01,S06_002,51666.95,83162
2025-05-01,S06_003,29221.15,336322
2025-05-01,S06_004,26746.5,189399
2025-05-01,S06_005,28283.96,489482
2025-05-01,S06_006,48056.55,282020
2025-05-01,S06_007,49149.36,679825
2025-05-01,S06_008,55356.95,360186
2025-05-01,S06_009,50664.28,401563
2025-05-01,S06_010,67995.62,1169658
2025-05-01,S06_011,37529.27,657972
2025-05-01,S06_012,60891.78,598165
2025-05-01,S06_013,52008.89,323075
2025-05-01,S06_014,23334.04,767663
2025-05-01,S06_015,68393.21,545706
2025-05-01,S06_016,74137.94,1120154
2025-05-01,S06_017,38579.66,197564
2025-05-01,S06_018,27201.62,157114
2025-05-01,S06_019,87915.58,122629
2025-05-01,S06_020,41003.96,638289
2025-05-01,S06_021,53602.23,328759
2025-05-01,S06_022,47530.47,431399
2025-05-01,S06_023,23528.69,844065
2025-05-01,S06_024,24608.57,1073038
2025-05-01,S06_025,73317.98,903058
2025-05-01,S06_026,63709.47,380909
2025-05-01,S06_027,24231.92,125517
2025-05-01,S06_028,64145.79,732151
2025-05-01,S06_029,38000.71,320764
2025-05-01,S06_030,60872.08,247348
2025-05-02,S06_001,51232.18,433511
2025-05-02,S06_002,51878.48,61816
2025-05-02,S06_003,29642.32,226488
2025-05-02,S06_004,26802.23,192649
2025-05-02,S06_005,27656.08,515594
2025-05-02,S06_006,48475.82,193503
2025-05-02,S06_007,49233.91,744151
2025-05-02,S06_008,55651.9,624093
2025-05-02,S06_009,50277.37,605867
2025-05-02,S06_010,66211.4,618340
2025-05-02,S06_011,37940.55,425799
2025-05-02,S06_012,60122.78,1310658
2025-05-02,S06_013,51375.01,189477
2025-05-02,S06_014,23384.69,551604
2025-05-02,S06_015,68650.94,266400
2025-05-02,S06_016,73888.81,593726
2025-05-02,S06_017,39606.34,162517
2025-05-02,S06_018,29189.33,96372
2025-05-02,S06_019,84466.95,187008
2025-05-02,S06_020,39068.69,457743
2025-05-02,S06_021,52909.26,503862
2025-05-02,S06_022,49849.86,599694
2025-05-02,S06_023,24224.96,1499976
2025-05-02,S06_024,24541.18,684165
2025-05-02,S06_025,73070.23,427714
2025-05-02,S06_026,63386.07,356557
2025-05-02,S06_027,24258.37,116700
2025-05-02,S06_028,63839.74,767162
2025-05-02,S06_029,38193.53,851549
2025-05-02,S06_030,60651.4,151577
2025-05-05,S06_001,50263.2,989097
2025-05-05,S06_002,52225.32,68381
2025-05-05,S06_003,29565.21,226519
2025-05-05,S06_004,27180.12,214842
2025-05-05,S06_005,27630.17,609628
2025-05-05,S06_006,48710.6,338630
2025-05-05,S06_007,49711.6,677554
2025-05-05,S06_008,55100.63,279046
2025-05-05,S06_009,50583.2,737749
2025-05-05,S06_010,65872.34,538970
2025-05-05,S06_011,38324.18,505603
2025-05-05,S06_012,59637.43,671790
2025-05-05,S06_013,49238.3,274074
2025-05-05,S06_014,23580.59,702764
2025-05-05,S06_015,68346.3,287786
2025-05-05,S06_016,72904.6,1195089
2025-05-05,S06_017,41191.88,425412
2025-05-05,S06_018,30641.74,243741
2025-05-05,S06_019,87670.86,187862
2025-05-05,S06_020,39856.37,352906
2025-05-05,S06_021,50881.93,431110
2025-05-05,S06_022,48589.98,805768
2025-05-05,S06_023,24504.62,548287
2025-05-05,S06_024,24350.41,910420
2025-05-05,S06_025,73686.41,839936
2025-05-05,S06_026,63425.6,847078
2025-05-05,S06_027,24265.48,177289
2025-05-05,S06_028,63979.22,736285
2025-05-05,S06_029,38060.67,320776
2025-05-05,S06_030,61174.48,191220
2025-05-06,S06_001,50705.16,523654
2025-05-06,S06_002,52566.33,218544
2025-05-06,S06_003,29495.6,477050
2025-05-06,S06_004,27443.19,116322
2025-05-06,S06_005,27443.38,759220
2025-05-06,S06_006,47736.07,196555
2025-05-06,S06_007,50353.37,519737
2025-05-06,S06_008,55662.38,707487
2025-05-06,S06_009,51221.83,901671
2025-05-06,S06_010,65143.3,710944
2025-05-06,S06_011,37585.72,598956
2025-05-06,S06_012,61031.04,270837
2025-05-06,S06_013,47769.74,484574
2025-05-06,S06_014,23967.84,800450
2025-05-06,S06_015,68903.5,436834
2025-05-06,S06_016,72241.76,483154
2025-05-06,S06_017,42429.22,133923
2025-05-06,S06_018,32465.43,76000
2025-05-06,S06_019,94197.79,400011
2025-05-06,S06_020,40708.35,463364
2025-05-06,S06_021,51525.35,575941
2025-05-06,S06_022,45898.99,267411
2025-05-06,S06_023,25708.72,1481697
2025-05-06,S06_024,24261.67,1119964
2025-05-06,S06_025,74087.26,525871
2025-05-06,S06_026,63013.2,359940
2025-05-06,S06_027,24296.03,254815
2025-05-06,S06_028,63678.48,516151
2025-05-06,S06_029,37934.9,404370
2025-05-06,S06_030,61357.08,339001
2025-05-07,S06_001,51220.07,470114
2025-05-07,S06_002,52202.16,49096
2025-05-07,S06_003,29669.45,534026
2025-05-07,S06_004,27311.6,330293
2025-05-07,S06_005,27138.57,648663
2025-05-07,S06_006,47376.13,240820
2025-05-07,S06_007,49586.02,987423
2025-05-07,S06_008,54990.99,882524
2025-05-07,S06_009,51502.49,699663
2025-05-07,S06_010,63119.41,669106
2025-05-07,S06_011,36947.19,679683
2025-05-07,S06_012,62208.37,587660
2025-05-07,S06_013,47882.78,316768
2025-05-07,S06_014,24167.81,745737
2025-05-07,S06_015,68177.16,658879
2025-05-07,S06_016,72461.98,660218
2025-05-07,S06_017,40586.09,461051
2025-05-07,S06_018,32236.83,106933
2025-05-07,S06_019,92830.8,149647
2025-05-07,S06_020,38874.79,507361
2025-05-07,S06_021,49602.05,254848
2025-05-07,S06_022,45360.16,321796
2025-05-07,S06_023,26040.71,567294
2025-05-07,S06_024,24351.77,1062570
2025-05-07,S06_025,73879.4,340268
2025-05-07,S06_026,62805.04,525761
2025-05-07,S06_027,24383.76,153995
2025-05-07,S06_028,63452.65,517603
2025-05-07,S06_029,38220.01,646382
2025-05-07,S06_030,61635.84,185873
2025-05-08,S06_001,51286.95,1021011
2025-05-08,S06_002,51389.05,127517
2025-05-08,S06_003,29256.72,435723
2025-05-08,S06_004,27341.96,92479
2025-05-08,S06_005,26928.41,835979
2025-05-08,S06_006,47508.26,208845
2025-05-08,S06_007,49172.82,1184671
2025-05-08,S06_008,55786.14,512897
2025-05-08,S06_009,50784.56,681652
2025-05-08,S06_010,63616.97,734021
2025-05-08,S06_011,36660.82,672322
2025-05-08,S06_012,62463.98,367523
2025-05-08,S06_013,47041.94,225341
2025-05-08,S06_014,24481.07,745491
2025-05-08,S06_015,68616.06,356369
2025-05-08,S06_016,74980.11,740307
2025-05-08,S06_017,39702.52,178732
2025-05-08,S06_018,32703.84,81478
2025-05-08,S06_019,94760.41,114704
2025-05-08,S06_020,36436.16,449757
2025-05-08,S06_021,48405.71,727885
2025-05-08,S06_022,47156.15,328290
2025-05-08,S06_023,27581.84,1090086
2025-05-08,S06_024,24297.52,875494
2025-05-08,S06_025,73802.87,427132
2025-05-08,S06_026,62617.0,331381
2025-05-08,S06_027,24322.44,293114
2025-05-08,S06_028,63394.04,574454
2025-05-08,S06_029,38013.06,308706
2025-05-08,S06_030,61596.26,140517
2025-05-09,S06_001,52136.34,914078
2025-05-09,S06_002,52151.3,111595
2025-05-09,S06_003,29111.17,256576
2025-05-09,S06_004,27107.95,151202
2025-05-09,S06_005,27199.87,989410
2025-05-09,S06_006,47986.49,144152
2025-05-09,S06_007,48830.38,663273
2025-05-09,S06_008,55980.12,340992
2025-05-09,S06_009,50980.03,862592
2025-05-09,S06_010,64612.43,418916
2025-05-09,S06_011,36178.24,463233
2025-05-09,S06_012,60864.24,574275
2025-05-09,S06_013,47178.38,241278
2025-05-09,S06_014,24252.31,740129
2025-05-09,S06_015,68537.39,247730
2025-05-09,S06_016,75866.53,723556
2025-05-09,S06_017,40017.48,121810
2025-05-09,S06_018,33041.49,42145
2025-05-09,S06_019,90398.8,142383
2025-05-09,S06_020,38239.48,570070
2025-05-09,S06_021,48329.57,567430
2025-05-09,S06_022,49185.79,514680
2025-05-09,S06_023,29032.83,689553
2025-05-09,S06_024,24279.03,608837
2025-05-09,S06_025,73109.59,533759
2025-05-09,S06_026,62761.71,524750
2025-05-09,S06_027,24386.88,318946
2025-05-09,S06_028,63745.33,857959
2025-05-09,S06_029,38225.89,433796
2025-05-09,S06_030,61816.31,164954
2025-05-12,S06_001,51823.66,600957
2025-05-12,S06_002,51992.15,52062
2025-05-12,S06_003,29103.52,206966
2025-05-12,S06_004,27804.35,83544
2025-05-12,S06_005,27736.45,687966
2025-05-12,S06_006,47401.09,367514
2025-05-12,S06_007,48840.84,661150
2025-05-12,S06_008,56154.94,492718
2025-05-12,S06_009,50891.27,365914
2025-05-12,S06_010,64855.86,1206772
2025-05-12,S06_011,35969.15,494642
2025-05-12,S06_012,59465.52,572768
2025-05-12,S06_013,47802.66,230465
2025-05-12,S06_014,24580.46,681963
2025-05-12,S06_015,69117.5,438246
2025-05-12,S06_016,74620.61,1106179
2025-05-12,S06_017,39552.85,202469
2025-05-12,S06_018,32440.06,109900
2025-05-12,S06_019,96327.22,230896
2025-05-12,S06_020,37029.49,440121
2025-05-12,S06_021,48093.79,456659
2025-05-12,S06_022,47968.51,284210
2025-05-12,S06_023,28607.64,798804
2025-05-12,S06_024,24243.16,830776
2025-05-12,S06_025,73290.01,442200
2025-05-12,S06_026,62575.0,269182
2025-05-12,S06_027,24435.28,225640
2025-05-12,S06_028,63408.87,359454
2025-05-12,S06_029,38103.16,521913
2025-05-12,S06_030,61707.39,278890
2025-05-13,S06_001,51941.52,835917
2025-05-13,S06_002,51766.34,116338
2025-05-13,S06_003,28926.67,166285
2025-05-13,S06_004,28048.76,115937
2025-05-13,S06_005,27963.52,662232
2025-05-13,S06_006,48243.46,204382
2025-05-13,S06_007,48869.26,663793
2025-05-13,S06_008,57122.15,587460
2025-05-13,S06_009,50336.42,734193
2025-05-13,S06_010,64655.17,1054829
2025-05-13,S06_011,35784.87,324371
2025-05-13,S06_012,59453.85,321149
2025-05-13,S06_013,47569.5,334605
2025-05-13,S06_014,24729.0,292097
2025-05-13,S06_015,67817.6,388429
2025-05-13,S06_016,73604.64,1208691
2025-05-13,S06_017,38720.04,216744
2025-05-13,S06_018,32439.91,102971
2025-05-13,S06_019,95427.74,226303
2025-05-13,S06_020,38537.23,394718
2025-05-13,S06_021,47972.6,719821
2025-05-13,S06_022,48190.22,721214
2025-05-13,S06_023,30005.19,1327982
2025-05-13,S06_024,24141.99,601452
2025-05-13,S06_025,73088.09,687888
2025-05-13,S06_026,62476.64,229425
2025-05-13,S06_027,24551.51,152594
2025-05-13,S06_028,63216.52,721969
2025-05-13,S06_029,37961.15,460680
2025-05-13,S06_030,61868.31,182666
2025-05-14,S06_001,51279.98,572609
2025-05-14,S06_002,51451.72,178419
2025-05-14,S06_003,29139.64,326168
2025-05-14,S06_004,27600.05,125900
2025-05-14,S06_005,27772.78,1132021
2025-05-14,S06_006,48813.9,147532
2025-05-14,S06_007,49470.42,1233979
2025-05-14,S06_008,57300.52,262187
2025-05-14,S06_009,51249.66,746373
2025-05-14,S06_010,64219.14,693552
2025-05-14,S06_011,35695.9,426576
2025-05-14,S06_012,59703.78,1014713
2025-05-14,S06_013,47494.2,338714
2025-05-14,S06_014,24861.17,463171
2025-05-14,S06_015,65299.22,936940
2025-05-14,S06_016,77674.25,1610594
2025-05-14,S06_017,39863.84,251447
2025-05-14,S06_018,32675.37,124577
2025-05-14,S06_019,96234.72,239067
2025-05-14,S06_020,37556.45,225804
2025-05-14,S06_021,49750.29,447128
2025-05-14,S06_022,49377.25,285945
2025-05-14,S06_023,29078.42,675749
2025-05-14,S06_024,24320.45,1112297
2025-05-14,S06_025,73027.15,457146
2025-05-14,S06_026,62337.07,223896
2025-05-14,S06_027,24354.83,114212
2025-05-14,S06_028,63070.63,441813
2025-05-14,S06_029,38124.41,504693
2025-05-14,S06_030,61835.68,136424
2025-05-15,S06_001,51253.73,721036
2025-05-15,S06_002,51820.85,90229
2025-05-15,S06_003,28902.51,171535
2025-05-15,S06_004,27538.54,233267
2025-05-15,S06_005,27810.01,828639
2025-05-15,S06_006,48288.52,165906
2025-05-15,S06_007,49088.14,727262
2025-05-15,S06_008,57134.26,464989
2025-05-15,S06_009,51267.69,389748
2025-05-15,S06_010,63999.7,441481
2025-05-15,S06_011,36246.59,890440
2025-05-15,S06_012,59793.97,571983
2025-05-15,S06_013,47044.99,250758
2025-05-15,S06_014,25170.71,562705
2025-05-15,S06_015,64086.38,328571
2025-05-15,S06_016,73716.06,881835
2025-05-15,S06_017,38431.8,202140
2025-05-15,S06_018,31703.72,86949
2025-05-15,S06_019,95399.4,163488
2025-05-15,S06_020,38874.87,334176
2025-05-15,S06_021,51407.15,818172
2025-05-15,S06_022,51058.65,429553
2025-05-15,S06_023,27542.45,1455722
2025-05-15,S06_024,24336.43,1070663
2025-05-15,S06_025,72633.81,569557
2025-05-15,S06_026,62279.61,269324
2025-05-15,S06_027,24428.41,184683
2025-05-15,S06_028,63173.69,730401
2025-05-15,S06_029,38151.71,387090
2025-05-15,S06_030,61804.19,189805
2025-05-16,S06_001,51016.6,644452
2025-05-16,S06_002,52450.17,127152
2025-05-16,S06_003,28738.77,268157
2025-05-16,S06_004,27022.6,298696
2025-05-16,S06_005,27845.73,690125
2025-05-16,S06_006,48331.58,266150
2025-05-16,S06_007,50043.4,448666
2025-05-16,S06_008,57408.7,335707
2025-05-16,S06_009,50698.68,332641
2025-05-16,S06_010,64661.25,632654
2025-05-16,S06_011,37202.04,445517
2025-05-16,S06_012,58884.98,838934
2025-05-16,S06_013,47158.75,206023
2025-05-16,S06_014,25499.71,810480
2025-05-16,S06_015,64021.67,275679
2025-05-16,S06_016,70397.97,626499
2025-05-16,S06_017,36359.44,463991
2025-05-16,S06_018,32124.07,96271
2025-05-16,S06_019,95075.7,319985
2025-05-16,S06_020,38616.94,353669
2025-05-16,S06_021,53089.67,647520
2025-05-16,S06_022,52324.26,484582
2025-05-16,S06_023,27104.2,692813
2025-05-16,S06_024,24374.41,682867
2025-05-16,S06_025,72968.73,498144
2025-05-16,S06_026,62301.58,286566
2025-05-16,S06_027,24490.91,216568
2025-05-16,S06_028,62918.57,535369
2025-05-16,S06_029,38003.39,473958
2025-05-16,S06_030,61803.05,256675
2025-05-19,S06_001,51444.66,575513
2025-05-19,S06_002,52764.13,85646
2025-05-19,S06_003,29093.77,371139
2025-05-19,S06_004,26901.06,168535
2025-05-19,S06_005,28174.7,631069
2025-05-19,S06_006,48905.54,376040
2025-05-19,S06_007,50979.09,952555
2025-05-19,S06_008,56908.83,283741
2025-05-19,S06_009,50577.54,569576
2025-05-19,S06_010,62868.5,1206071
2025-05-19,S06_011,36555.63,859137
2025-05-19,S06_012,58729.92,438970
2025-05-19,S06_013,47100.21,166761
2025-05-19,S06_014,25578.74,493059
2025-05-19,S06_015,65589.43,385299
2025-05-19,S06_016,68595.5,1063188
2025-05-19,S06_017,35181.97,306263
2025-05-19,S06_018,32630.96,121967
2025-05-19,S06_019,90256.69,186453
2025-05-19,S06_020,39740.89,228488
2025-05-19,S06_021,53381.4,407153
2025-05-19,S06_022,54879.18,538929
2025-05-19,S06_023,28524.63,708649
2025-05-19,S06_024,24556.76,920045
2025-05-19,S06_025,72720.22,490860
2025-05-19,S06_026,62222.65,233195
2025-05-19,S06_027,24429.13,200636
2025-05-19,S06_028,62579.88,763217
2025-05-19,S06_029,37933.86,333316
2025-05-19,S06_030,61226.63,176435
2025-05-20,S06_001,51268.22,683631
2025-05-20,S06_002,53058.1,102886
2025-05-20,S06_003,29127.8,214303
2025-05-20,S06_004,26941.93,130665
2025-05-20,S06_005,28204.7,978095
2025-05-20,S06_006,49656.26,167551
2025-05-20,S06_007,51607.61,771634
2025-05-20,S06_008,57158.89,401885
2025-05-20,S06_009,50684.84,723369
2025-05-20,S06_010,62788.54,1031760
2025-05-20,S06_011,36563.29,359389
2025-05-20,S06_012,59411.75,575535
2025-05-20,S06_013,46283.48,519346
2025-05-20,S06_014,24947.4,916980
2025-05-20,S06_015,65774.96,280639
2025-05-20,S06_016,70084.17,951779
2025-05-20,S06_017,35599.68,223447
2025-05-20,S06_018,31689.7,95522
2025-05-20,S06_019,87650.06,131845
2025-05-20,S06_020,40675.86,232030
2025-05-20,S06_021,51081.51,921693
2025-05-20,S06_022,56348.93,368922
2025-05-20,S06_023,28916.25,1167478
2025-05-20,S06_024,24532.56,888198
2025-05-20,S06_025,72808.57,445658
2025-05-20,S06_026,62367.37,446175
2025-05-20,S06_027,24386.96,293925
2025-05-20,S06_028,62359.38,867038
2025-05-20,S06_029,37701.15,250519
2025-05-20,S06_030,60911.75,258611
2025-05-21,S06_001,52066.31,469688
2025-05-21,S06_002,52884.6,47564
2025-05-21,S06_003,29419.25,301280
2025-05-21,S06_004,27238.29,69629
2025-05-21,S06_005,28434.97,701500
2025-05-21,S06_006,48903.71,260721
2025-05-21,S06_007,52754.47,666606
2025-05-21,S06_008,57130.78,362052
2025-05-21,S06_009,51761.44,419753
2025-05-21,S06_010,63592.62,700096
2025-05-21,S06_011,37042.84,715926
2025-05-21,S06_012,59175.35,701911
2025-05-21,S06_013,45945.14,275635
2025-05-21,S06_014,25373.23,1016761
2025-05-21,S06_015,66923.79,483659
2025-05-21,S06_016,67984.56,511533
2025-05-21,S06_017,37400.23,246824
2025-05-21,S06_018,30741.69,85614
2025-05-21,S06_019,87673.75,142253
2025-05-21,S06_020,42708.27,258985
2025-05-21,S06_021,50486.13,507446
2025-05-21,S06_022,56237.58,196183
2025-05-21,S06_023,29093.11,537805
2025-05-21,S06_024,24479.69,860052
2025-05-21,S06_025,72740.9,478235
2025-05-21,S06_026,62780.98,125721
2025-05-21,S06_027,24322.77,372202
2025-05-21,S06_028,62439.28,244778
2025-05-21,S06_029,37486.17,348018
2025-05-21,S06_030,61202.72,244925
2025-05-22,S06_001,51072.2,575518
2025-05-22,S06_002,52665.39,89057
2025-05-22,S06_003,29658.34,262259
2025-05-22,S06_004,27584.87,126212
2025-05-22,S06_005,28478.59,387895
2025-05-22,S06_006,48569.68,180850
2025-05-22,S06_007,52718.92,827374
2025-05-22,S06_008,56752.59,235325
2025-05-22,S06_009,52074.64,479363
2025-05-22,S06_010,62441.15,1034909
2025-05-22,S06_011,37597.01,621571
2025-05-22,S06_012,58367.79,394068
2025-05-22,S06_013,46686.0,384023
2025-05-22,S06_014,25185.24,1229354
2025-05-22,S06_015,67484.04,371200
2025-05-22,S06_016,65880.4,829284
2025-05-22,S06_017,39822.54,679837
2025-05-22,S06_018,30661.19,91314
2025-05-22,S06_019,88793.94,121005
2025-05-22,S06_020,44747.21,400650
2025-05-22,S06_021,49356.31,439630
2025-05-22,S06_022,56708.76,325986
2025-05-22,S06_023,29975.18,420978
2025-05-22,S06_024,24479.71,630361
2025-05-22,S06_025,73171.38,852018
2025-05-22,S06_026,63102.01,414741
2025-05-22,S06_027,24296.99,244748
2025-05-22,S06_028,62003.26,475214
2025-05-22,S06_029,37552.4,427840
2025-05-22,S06_030,61357.28,230685
2025-05-23,S06_001,51478.54,328796
2025-05-23,S06_002,52481.26,88957
2025-05-23,S06_003,30332.57,393955
2025-05-23,S06_004,27151.39,91776
2025-05-23,S06_005,28683.63,388344
2025-05-23,S06_006,49224.44,102564
2025-05-23,S06_007,51864.58,969211
2025-05-23,S06_008,58492.24,676221
2025-05-23,S06_009,51599.76,594119
2025-05-23,S06_010,63133.73,513863
2025-05-23,S06_011,36850.3,1024571
2025-05-23,S06_012,58322.3,1274402
2025-05-23,S06_013,47441.16,225388
2025-05-23,S06_014,25272.04,714229
2025-05-23,S06_015,65596.39,636016
2025-05-23,S06_016,68044.38,672288
2025-05-23,S06_017,39474.2,193339
2025-05-23,S06_018,30815.99,147357
2025-05-23,S06_019,91993.77,178441
2025-05-23,S06_020,45783.82,347349
2025-05-23,S06_021,49528.46,564343
2025-05-23,S06_022,57117.19,210415
2025-05-23,S06_023,28954.41,457052
2025-05-23,S06_024,24334.81,671187
2025-05-23,S06_025,73397.09,521325
2025-05-23,S06_026,63609.71,316861
2025-05-23,S06_027,24382.22,177132
2025-05-23,S06_028,62264.04,607200
2025-05-23,S06_029,37445.91,515253
2025-05-23,S06_030,61495.13,160118
2025-05-26,S06_001,49858.4,671509
2025-05-26,S06_002,52788.84,77848
2025-05-26,S06_003,30203.99,297627
2025-05-26,S06_004,27224.96,123456
2025-05-26,S06_005,29016.68,601167
2025-05-26,S06_006,48604.84,279624
2025-05-26,S06_007,51146.76,813155
2025-05-26,S06_008,58445.85,375290
2025-05-26,S06_009,52009.83,844130
2025-05-26,S06_010,64409.29,875969
2025-05-26,S06_011,36806.46,234924
2025-05-26,S06_012,58574.8,830708
2025-05-26,S06_013,47459.63,255419
2025-05-26,S06_014,25470.78,479504
2025-05-26,S06_015,65559.13,894139
2025-05-26,S06_016,64743.16,507712
2025-05-26,S06_017,38200.95,238329
2025-05-26,S06_018,30141.85,81595
2025-05-26,S06_019,92186.38,151611
2025-05-26,S06_020,45271.68,213788
2025-05-26,S06_021,51411.81,468038
2025-05-26,S06_022,58419.63,378533
2025-05-26,S06_023,28590.53,863823
2025-05-26,S06_024,24351.27,1040830
2025-05-26,S06_025,73400.46,628549
2025-05-26,S06_026,63470.74,570605
2025-05-26,S06_027,24340.13,139737
2025-05-26,S06_028,62441.62,506734
2025-05-26,S06_029,37686.52,661640
2025-05-26,S06_030,61147.78,150796
2025-05-27,S06_001,49847.46,667474
2025-05-27,S06_002,52502.43,145477
2025-05-27,S06_003,29788.52,253383
2025-05-27,S06_004,27346.25,140089
2025-05-27,S06_005,28662.99,562081
2025-05-27,S06_006,49003.89,152499
2025-05-27,S06_007,51342.53,795720
2025-05-27,S06_008,58120.67,479418
2025-05-27,S06_009,52072.64,660878
2025-05-27,S06_010,63868.49,546483
2025-05-27,S06_011,37203.13,429868
2025-05-27,S06_012,58191.75,603375
2025-05-27,S06_013,45741.46,245929
2025-05-27,S06_014,24759.41,769958
2025-05-27,S06_015,64896.5,371357
2025-05-27,S06_016,66275.39,942340
2025-05-27,S06_017,38230.47,177277
2025-05-27,S06_018,31577.46,105151
2025-05-27,S06_019,99894.88,439261
2025-05-27,S06_020,42582.23,313148
2025-05-27,S06_021,51978.33,312993
2025-05-27,S06_022,55630.0,495776
2025-05-27,S06_023,28780.05,503726
2025-05-27,S06_024,24339.92,939427
2025-05-27,S06_025,73307.12,668334
2025-05-27,S06_026,63606.64,320621
2025-05-27,S06_027,24513.39,134549
2025-05-27,S06_028,62604.66,345049
2025-05-27,S06_029,37580.97,719201
2025-05-27,S06_030,61009.9,314090
2025-05-28,S06_001,50618.05,421934
2025-05-28,S06_002,52916.94,89808
2025-05-28,S06_003,29250.46,207547
2025-05-28,S06_004,27390.75,163844
2025-05-28,S06_005,28629.93,740721
2025-05-28,S06_006,49046.63,257207
2025-05-28,S06_007,51181.85,477333
2025-05-28,S06_008,57035.29,538588
2025-05-28,S06_009,50992.8,745834
2025-05-28,S06_010,62696.84,1004606
2025-05-28,S06_011,36755.59,977800
2025-05-28,S06_012,58314.5,449108
2025-05-28,S06_013,46216.22,380667
2025-05-28,S06_014,24627.45,772272
2025-05-28,S06_015,64017.75,268174
2025-05-28,S06_016,69108.81,805696
2025-05-28,S06_017,38430.14,308193
2025-05-28,S06_018,34643.47,101943
2025-05-28,S06_019,101742.75,131380
2025-05-28,S06_020,42294.67,474467
2025-05-28,S06_021,51684.8,489938
2025-05-28,S06_022,54489.4,323477
2025-05-28,S06_023,28996.02,622750
2025-05-28,S06_024,24312.3,1030519
2025-05-28,S06_025,72942.45,395344
2025-05-28,S06_026,63617.44,315621
2025-05-28,S06_027,24418.96,250918
2025-05-28,S06_028,62702.9,616516
2025-05-28,S06_029,37419.04,263353
2025-05-28,S06_030,61292.75,274050
2025-05-29,S06_001,50610.35,695668
2025-05-29,S06_002,53377.99,87214
2025-05-29,S06_003,29078.9,573266
2025-05-29,S06_004,26916.81,158952
2025-05-29,S06_005,28565.89,396654
2025-05-29,S06_006,48972.29,246693
2025-05-29,S06_007,50811.66,624034
2025-05-29,S06_008,56612.15,293485
2025-05-29,S06_009,50075.84,583611
2025-05-29,S06_010,62137.15,725715
2025-05-29,S06_011,36415.62,572665
2025-05-29,S06_012,58068.44,594538
2025-05-29,S06_013,45371.17,418175
2025-05-29,S06_014,24659.84,348235
2025-05-29,S06_015,63936.58,328672
2025-05-29,S06_016,70835.58,733985
2025-05-29,S06_017,36261.31,288442
2025-05-29,S06_018,38976.98,165559
2025-05-29,S06_019,104116.35,369744
2025-05-29,S06_020,41874.76,396983
2025-05-29,S06_021,52902.96,538189
2025-05-29,S06_022,55114.73,312655
2025-05-29,S06_023,28993.05,581568
2025-05-29,S06_024,24416.89,879227
2025-05-29,S06_025,72401.08,385470
2025-05-29,S06_026,64119.2,499860
2025-05-29,S06_027,24233.83,150768
2025-05-29,S06_028,62713.57,374322
2025-05-29,S06_029,37404.56,300010
2025-05-29,S06_030,60919.45,247604
2025-05-30,S06_001,51414.64,329786
2025-05-30,S06_002,53870.55,81492
2025-05-30,S06_003,29491.45,257358
2025-05-30,S06_004,26670.96,138142
2025-05-30,S06_005,28852.91,784374
2025-05-30,S06_006,47658.72,208887
2025-05-30,S06_007,51385.04,973191
2025-05-30,S06_008,57209.78,774276
2025-05-30,S06_009,49527.79,1003506
2025-05-30,S06_010,62365.75,741472
2025-05-30,S06_011,36815.52,671015
2025-05-30,S06_012,56881.16,301317
2025-05-30,S06_013,44976.8,397712
2025-05-30,S06_014,25619.03,1068385
2025-05-30,S06_015,64131.32,303549
2025-05-30,S06_016,71348.19,826541
2025-05-30,S06_017,34058.5,212957
2025-05-30,S06_018,38396.68,131269
2025-05-30,S06_019,101628.79,212621
2025-05-30,S06_020,44062.13,501895
2025-05-30,S06_021,52734.17,439064
2025-05-30,S06_022,56747.92,278746
2025-05-30,S06_023,27382.93,1369973
2025-05-30,S06_024,24431.26,510206
2025-05-30,S06_025,71967.44,340196
2025-05-30,S06_026,64274.78,238722
2025-05-30,S06_027,24137.51,149385
2025-05-30,S06_028,62486.98,917419
2025-05-30,S06_029,37335.48,364348
2025-05-30,S06_030,60731.28,244740
2025-06-02,S06_001,50861.57,542587
2025-06-02,S06_002,53670.68,76892
2025-06-02,S06_003,29761.72,229299
2025-06-02,S06_004,26627.47,129416
2025-06-02,S06_005,28867.99,524137
2025-06-02,S06_006,48318.56,252222
2025-06-02,S06_007,51379.9,1039002
2025-06-02,S06_008,56243.53,785172
2025-06-02,S06_009,48858.74,708635
2025-06-02,S06_010,64357.96,961604
2025-06-02,S06_011,36546.26,413796
2025-06-02,S06_012,56532.45,634938
2025-06-02,S06_013,44944.93,221502
2025-06-02,S06_014,25898.93,515605
2025-06-02,S06_015,62573.6,559212
2025-06-02,S06_016,73087.7,472540
2025-06-02,S06_017,32591.85,309194
2025-06-02,S06_018,37720.16,56256
2025-06-02,S06_019,105428.29,387634
2025-06-02,S06_020,46086.34,262301
2025-06-02,S06_021,52387.37,432673
2025-06-02,S06_022,58561.62,989936
2025-06-02,S06_023,26685.57,942386
2025-06-02,S06_024,24458.07,853998
2025-06-02,S06_025,72030.85,410163
2025-06-02,S06_026,64424.37,331140
2025-06-02,S06_027,24129.24,144403
2025-06-02,S06_028,62355.49,508597
2025-06-02,S06_029,37283.37,470781
2025-06-02,S06_030,60343.43,282188
2025-06-03,S06_001,51029.56,606862
2025-06-03,S06_002,53187.06,87670
2025-06-03,S06_003,29737.71,431492
2025-06-03,S06_004,26891.97,154191
2025-06-03,S06_005,28634.18,1071230
2025-06-03,S06_006,47938.45,284331
2025-06-03,S06_007,50648.64,696923
2025-06-03,S06_008,55552.06,277700
2025-06-03,S06_009,48136.53,521240
2025-06-03,S06_010,63656.56,470787
2025-06-03,S06_011,36790.52,381920
2025-06-03,S06_012,57169.74,947975
2025-06-03,S06_013,45778.46,335841
2025-06-03,S06_014,25570.37,659070
2025-06-03,S06_015,61766.68,500884
2025-06-03,S06_016,79895.22,876519
2025-06-03,S06_017,33971.78,324162
2025-06-03,S06_018,36665.62,92477
2025-06-03,S06_019,107407.28,245645
2025-06-03,S06_020,46237.64,366746
2025-06-03,S06_021,53613.16,412268
2025-06-03,S06_022,54012.32,623518
2025-06-03,S06_023,26446.33,850417
2025-06-03,S06_024,24488.97,807061
2025-06-03,S06_025,72247.09,672162
2025-06-03,S06_026,64496.18,446316
2025-06-03,S06_027,24164.49,191026
2025-06-03,S06_028,62215.38,511743
2025-06-03,S06_029,37153.39,418450
2025-06-03,S06_030,60490.82,179151
2025-06-04,S06_001,50586.67,645425
2025-06-04,S06_002,53264.35,79498
2025-06-04,S06_003,30561.4,330197
2025-06-04,S06_004,26609.55,232281
2025-06-04,S06_005,28508.63,577775
2025-06-04,S06_006,47642.14,120871
2025-06-04,S06_007,50007.58,1639343
2025-06-04,S06_008,56286.85,389528
2025-06-04,S06_009,48386.55,508689
2025-06-04,S06_010,63003.37,853768
2025-06-04,S06_011,37570.24,889251
2025-06-04,S06_012,56773.2,350287
2025-06-04,S06_013,45568.16,198391
2025-06-04,S06_014,25947.37,444858
2025-06-04,S06_015,61176.76,491468
2025-06-04,S06_016,79989.47,837159
2025-06-04,S06_017,33674.17,172865
2025-06-04,S06_018,37750.22,142486
2025-06-04,S06_019,113073.55,185377
2025-06-04,S06_020,47110.46,300303
2025-06-04,S06_021,54411.64,354127
2025-06-04,S06_022,56253.98,289488
2025-06-04,S06_023,25409.74,975616
2025-06-04,S06_024,24526.96,664324
2025-06-04,S06_025,72567.03,304531
2025-06-04,S06_026,64419.01,352552
2025-06-04,S06_027,24211.4,137588
2025-06-04,S06_028,61821.53,889977
2025-06-04,S06_029,37195.41,533952
2025-06-04,S06_030,60310.97,299243
2025-06-05,S06_001,51550.9,749965
2025-06-05,S06_002,53030.45,103104
2025-06-05,S06_003,30134.59,436106
2025-06-05,S06_004,26448.21,197040
2025-06-05,S06_005,28578.75,980015
2025-06-05,S06_006,47964.44,236324
2025-06-05,S06_007,50687.35,834290
2025-06-05,S06_008,56119.63,383984
2025-06-05,S06_009,48949.99,584148
2025-06-05,S06_010,62858.87,1173932
2025-06-05,S06_011,37633.31,516364
2025-06-05,S06_012,58176.61,521703
2025-06-05,S06_013,45881.56,313781
2025-06-05,S06_014,26424.2,908843
2025-06-05,S06_015,60947.8,378480
2025-06-05,S06_016,80093.43,927662
2025-06-05,S06_017,33053.04,273427
2025-06-05,S06_018,36629.97,86862
2025-06-05,S06_019,107941.65,192264
2025-06-05,S06_020,50015.98,269409
2025-06-05,S06_021,53166.97,684350
2025-06-05,S06_022,56496.96,242361
2025-06-05,S06_023,24435.79,736209
2025-06-05,S06_024,24495.21,446288
2025-06-05,S06_025,72528.5,610435
2025-06-05,S06_026,65021.11,512523
2025-06-05,S06_027,24104.68,283509
2025-06-05,S06_028,62184.18,404673
2025-06-05,S06_029,37173.36,473961
2025-06-05,S06_030,60621.55,199601
2025-06-06,S06_001,51086.33,376966
2025-06-06,S06_002,52707.76,108275
2025-06-06,S06_003,30537.61,317416
2025-06-06,S06_004,26380.3,123439
2025-06-06,S06_005,28807.4,740605
2025-06-06,S06_006,48013.31,240382
2025-06-06,S06_007,49894.71,716151
2025-06-06,S06_008,55878.54,294039
2025-06-06,S06_009,48099.19,577033
2025-06-06,S06_010,62912.57,826494
2025-06-06,S06_011,37420.47,1578652
2025-06-06,S06_012,56672.9,472784
2025-06-06,S06_013,44812.37,431284
2025-06-06,S06_014,26316.74,315590
2025-06-06,S06_015,61416.02,361827
2025-06-06,S06_016,86106.57,1829067
2025-06-06,S06_017,33618.49,458084
2025-06-06,S06_018,37331.39,77681
2025-06-06,S06_019,99480.86,239328
2025-06-06,S06_020,48766.22,237048
2025-06-06,S06_021,50618.22,589854
2025-06-06,S06_022,53637.14,528961
2025-06-06,S06_023,24757.88,526394
2025-06-06,S06_024,24330.72,531334
2025-06-06,S06_025,72516.41,396170
2025-06-06,S06_026,64685.74,280255
2025-06-06,S06_027,24105.54,109994
2025-06-06,S06_028,61849.08,407693
2025-06-06,S06_029,37367.64,549124
2025-06-06,S06_030,60655.25,199112
2025-06-09,S06_001,50547.35,695172
2025-06-09,S06_002,52605.32,141882
2025-06-09,S06_003,30381.11,326644
2025-06-09,S06_004,25883.24,153152
2025-06-09,S06_005,28588.22,644508
2025-06-09,S06_006,48059.22,190789
2025-06-09,S06_007,49181.77,950469
2025-06-09,S06_008,56007.93,316293
2025-06-09,S06_009,47975.6,327500
2025-06-09,S06_010,62850.21,1137068
2025-06-09,S06_011,37697.36,574984
2025-06-09,S06_012,56879.43,804810
2025-06-09,S06_013,44893.64,255629
2025-06-09,S06_014,26313.1,555320
2025-06-09,S06_015,60731.23,562342
2025-06-09,S06_016,84443.61,933303
2025-06-09,S06_017,34867.9,424251
2025-06-09,S06_018,38024.24,78879
2025-06-09,S06_019,99766.11,147159
2025-06-09,S06_020,49163.23,454369
2025-06-09,S06_021,50881.56,446422
2025-06-09,S06_022,52387.98,205246
2025-06-09,S06_023,23455.93,604664
2025-06-09,S06_024,24238.94,629611
2025-06-09,S06_025,72344.16,647319
2025-06-09,S06_026,64635.01,271968
2025-06-09,S06_027,24077.96,272966
2025-06-09,S06_028,61710.55,581178
2025-06-09,S06_029,37715.05,276126
2025-06-09,S06_030,60750.2,364205
2025-06-10,S06_001,51380.43,855529
2025-06-10,S06_002,53052.24,79175
2025-06-10,S06_003,31074.99,395241
2025-06-10,S06_004,25776.17,296671
2025-06-10,S06_005,28417.83,490520
2025-06-10,S06_006,48019.61,344987
2025-06-10,S06_007,49944.53,1017401
2025-06-10,S06_008,56896.61,864487
2025-06-10,S06_009,48695.9,522123
2025-06-10,S06_010,61455.05,809170
2025-06-10,S06_011,37865.52,694710
2025-06-10,S06_012,57213.53,663632
2025-06-10,S06_013,45431.37,295962
2025-06-10,S06_014,26466.74,499690
2025-06-10,S06_015,60991.24,566460
2025-06-10,S06_016,83721.15,984379
2025-06-10,S06_017,33986.65,349721
2025-06-10,S06_018,39522.44,133500
2025-06-10,S06_019,102210.59,322180
2025-06-10,S06_020,47885.35,204885
2025-06-10,S06_021,50261.98,286137
2025-06-10,S06_022,49565.88,353639
2025-06-10,S06_023,22397.18,973828
2025-06-10,S06_024,24202.68,804404
2025-06-10,S06_025,72200.21,444719
2025-06-10,S06_026,64868.3,434929
2025-06-10,S06_027,24220.87,132406
2025-06-10,S06_028,61613.23,686426
2025-06-10,S06_029,37629.51,441097
2025-06-10,S06_030,60871.51,267376
2025-06-11,S06_001,50668.71,580026
2025-06-11,S06_002,52583.14,66055
2025-06-11,S06_003,30973.74,292899
2025-06-11,S06_004,25909.23,128349
2025-06-11,S06_005,28235.12,574704
2025-06-11,S06_006,47745.15,227376
2025-06-11,S06_007,50476.14,893061
2025-06-11,S06_008,56329.77,321554
2025-06-11,S06_009,49221.15,707214
2025-06-11,S06_010,60436.97,968787
2025-06-11,S06_011,37578.76,776517
2025-06-11,S06_012,56290.37,492319
2025-06-11,S06_013,45138.95,218954
2025-06-11,S06_014,26623.35,763923
2025-06-11,S06_015,62507.43,822116
2025-06-11,S06_016,89099.94,1147168
2025-06-11,S06_017,34136.27,218562
2025-06-11,S06_018,40709.03,107123
2025-06-11,S06_019,105549.88,176814
2025-06-11,S06_020,49059.66,842891
2025-06-11,S06_021,49478.01,601215
2025-06-11,S06_022,50113.85,480415
2025-06-11,S06_023,21875.62,657908
2025-06-11,S06_024,24264.72,1067509
2025-06-11,S06_025,72374.78,632858
2025-06-11,S06_026,64670.72,259371
2025-06-11,S06_027,24180.64,111573
2025-06-11,S06_028,61683.09,463292
2025-06-11,S06_029,37624.16,446949
2025-06-11,S06_030,61251.4,177634
2025-06-12,S06_001,50223.57,600790
2025-06-12,S06_002,53723.41,105133
2025-06-12,S06_003,31426.41,229746
2025-06-12,S06_004,25622.4,201711
2025-06-12,S06_005,28067.61,1174815
2025-06-12,S06_006,47434.89,443603
2025-06-12,S06_007,51450.54,917320
2025-06-12,S06_008,57749.33,787201
2025-06-12,S06_009,48984.0,449609
2025-06-12,S06_010,61031.0,964630
2025-06-12,S06_011,37581.48,612903
2025-06-12,S06_012,56148.22,542385
2025-06-12,S06_013,44991.76,223183
2025-06-12,S06_014,26588.06,496570
2025-06-12,S06_015,62410.33,551072
2025-06-12,S06_016,92044.91,1261428
2025-06-12,S06_017,34389.8,219253
2025-06-12,S06_018,41167.1,131864
2025-06-12,S06_019,105798.15,88726
2025-06-12,S06_020,48193.49,182999
2025-06-12,S06_021,48567.56,377475
2025-06-12,S06_022,49432.18,505666
2025-06-12,S06_023,23002.61,1173844
2025-06-12,S06_024,24300.14,1327892
2025-06-12,S06_025,72128.9,673669
2025-06-12,S06_026,64588.49,264319
2025-06-12,S06_027,24235.3,194659
2025-06-12,S06_028,61555.6,322517
2025-06-12,S06_029,38028.64,483643
2025-06-12,S06_030,61413.34,257014
2025-06-13,S06_001,50613.69,401592
2025-06-13,S06_002,54132.29,96929
2025-06-13,S06_003,31401.04,251858
2025-06-13,S06_004,25488.85,216688
2025-06-13,S06_005,27946.99,715240
2025-06-13,S06_006,47819.31,349362
2025-06-13,S06_007,52043.88,1061163
2025-06-13,S06_008,57889.96,537150
2025-06-13,S06_009,48643.94,613352
2025-06-13,S06_010,62013.71,1100109
2025-06-13,S06_011,37922.67,724004
2025-06-13,S06_012,54452.73,686686
2025-06-13,S06_013,45794.19,246675
2025-06-13,S06_014,26194.34,942433
2025-06-13,S06_015,62578.63,418017
2025-06-13,S06_016,88213.63,678132
2025-06-13,S06_017,35416.02,354966
2025-06-13,S06_018,40692.35,79274
2025-06-13,S06_019,113921.93,230030
2025-06-13,S06_020,45337.3,614599
2025-06-13,S06_021,48350.19,364472
2025-06-13,S06_022,48577.84,413702
2025-06-13,S06_023,23953.97,783745
2025-06-13,S06_024,24431.57,712778
2025-06-13,S06_025,72165.43,409940
2025-06-13,S06_026,64844.55,339625
2025-06-13,S06_027,24265.45,210154
2025-06-13,S06_028,61357.41,582147
2025-06-13,S06_029,37776.05,434248
2025-06-13,S06_030,61702.61,195680
2025-06-16,S06_001,50806.96,836128
2025-06-16,S06_002,53906.87,121466
2025-06-16,S06_003,32419.05,174637
2025-06-16,S06_004,25323.47,159107
2025-06-16,S06_005,28096.81,559687
2025-06-16,S06_006,47325.34,400548
2025-06-16,S06_007,52501.03,1353851
2025-06-16,S06_008,57937.39,413132
2025-06-16,S06_009,49578.78,442700
2025-06-16,S06_010,60905.78,1231118
2025-06-16,S06_011,38009.53,817516
2025-06-16,S06_012,54388.74,367787
2025-06-16,S06_013,45519.02,236250
2025-06-16,S06_014,25613.15,594373
2025-06-16,S06_015,62262.05,295178
2025-06-16,S06_016,88563.65,624625
2025-06-16,S06_017,35400.2,112965
2025-06-16,S06_018,41871.26,104848
2025-06-16,S06_019,113388.35,154760
2025-06-16,S06_020,47199.81,433192
2025-06-16,S06_021,48379.31,508806
2025-06-16,S06_022,52430.74,519742
2025-06-16,S06_023,22602.35,1089229
2025-06-16,S06_024,24431.62,974120
2025-06-16,S06_025,72178.45,467488
2025-06-16,S06_026,64776.86,390854
2025-06-16,S06_027,24417.2,191007
2025-06-16,S06_028,61594.37,578621
2025-06-16,S06_029,38038.02,752671
2025-06-16,S06_030,61538.39,216973
2025-06-17,S06_001,50436.41,423647
2025-06-17,S06_002,54446.13,58659
2025-06-17,S06_003,32560.11,373054
2025-06-17,S06_004,25532.87,128959
2025-06-17,S06_005,28433.92,860790
2025-06-17,S06_006,47000.93,274189
2025-06-17,S06_007,52738.93,612478
2025-06-17,S06_008,58461.72,583345
2025-06-17,S06_009,50437.71,311870
2025-06-17,S06_010,61832.59,561774
2025-06-17,S06_011,37531.4,560495
2025-06-17,S06_012,53974.68,396255
2025-06-17,S06_013,45718.76,406457
2025-06-17,S06_014,25272.06,756391
2025-06-17,S06_015,61542.1,574429
2025-06-17,S06_016,90786.42,871008
2025-06-17,S06_017,33683.08,255603
2025-06-17,S06_018,44042.62,112106
2025-06-17,S06_019,113227.12,150576
2025-06-17,S06_020,47046.3,402482
2025-06-17,S06_021,47442.29,375272
2025-06-17,S06_022,53424.69,642542
2025-06-17,S06_023,22218.24,1254272
2025-06-17,S06_024,24696.44,955464
2025-06-17,S06_025,72141.64,437688
2025-06-17,S06_026,64455.1,468584
2025-06-17,S06_027,24479.58,186069
2025-06-17,S06_028,62435.18,563447
2025-06-17,S06_029,38169.15,432513
2025-06-17,S06_030,61352.05,238868
2025-06-18,S06_001,50423.13,876398
2025-06-18,S06_002,53945.17,89875
2025-06-18,S06_003,32614.92,229923
2025-06-18,S06_004,25042.85,92258
2025-06-18,S06_005,28257.45,638040
2025-06-18,S06_006,47073.54,302822
2025-06-18,S06_007,52987.57,644957
2025-06-18,S06_008,57041.12,560490
2025-06-18,S06_009,51396.87,576845
2025-06-18,S06_010,59949.05,755618
2025-06-18,S06_011,37887.73,460555
2025-06-18,S06_012,54122.93,465766
2025-06-18,S06_013,45184.94,245305
2025-06-18,S06_014,25069.21,753172
2025-06-18,S06_015,60999.38,407394
2025-06-18,S06_016,90553.94,778034
2025-06-18,S06_017,33649.31,159233
2025-06-18,S06_018,44343.18,102027
2025-06-18,S06_019,114571.77,179104
2025-06-18,S06_020,49302.8,507850
2025-06-18,S06_021,46093.79,500857
2025-06-18,S06_022,55274.51,288919
2025-06-18,S06_023,22869.85,1563557
2025-06-18,S06_024,24817.26,1209427
2025-06-18,S06_025,72091.39,502824
2025-06-18,S06_026,64929.93,344792
2025-06-18,S06_027,24381.69,201191
2025-06-18,S06_028,62981.86,626746
2025-06-18,S06_029,37909.42,301540
2025-06-18,S06_030,60958.47,128042
2025-06-19,S06_001,51575.38,1466602
2025-06-19,S06_002,54122.82,129637
2025-06-19,S06_003,32800.49,200877
2025-06-19,S06_004,24888.98,192332
2025-06-19,S06_005,27697.52,645339
2025-06-19,S06_006,47471.58,199027
2025-06-19,S06_007,53762.18,929018
2025-06-19,S06_008,57316.13,446212
2025-06-19,S06_009,51218.22,615460
2025-06-19,S06_010,60110.94,964301
2025-06-19,S06_011,37742.75,739646
2025-06-19,S06_012,54428.77,415974
2025-06-19,S06_013,45083.53,289712
2025-06-19,S06_014,25000.57,655524
2025-06-19,S06_015,61486.29,443083
2025-06-19,S06_016,90192.38,522854
2025-06-19,S06_017,34045.31,176762
2025-06-19,S06_018,44762.82,53664
2025-06-19,S06_019,110725.7,218020
2025-06-19,S06_020,51405.9,560053
2025-06-19,S06_021,43441.41,609584
2025-06-19,S06_022,54810.79,283697
2025-06-19,S06_023,24086.93,851357
2025-06-19,S06_024,24737.89,1342193
2025-06-19,S06_025,72402.11,520073
2025-06-19,S06_026,64919.26,400237
2025-06-19,S06_027,24603.99,177176
2025-06-19,S06_028,62990.66,797574
2025-06-19,S06_029,37839.42,291695
2025-06-19,S06_030,61087.15,186092
2025-06-20,S06_001,51008.68,559661
2025-06-20,S06_002,54481.92,121399
2025-06-20,S06_003,33129.15,383830
2025-06-20,S06_004,25361.8,184473
2025-06-20,S06_005,27813.81,641099
2025-06-20,S06_006,47088.1,432876
2025-06-20,S06_007,53285.45,1152224
2025-06-20,S06_008,57525.6,510625
2025-06-20,S06_009,51036.21,484597
2025-06-20,S06_010,59806.29,942419
2025-06-20,S06_011,37544.04,923460
2025-06-20,S06_012,54183.96,530817
2025-06-20,S06_013,44408.42,415146
2025-06-20,S06_014,25208.84,716078
2025-06-20,S06_015,60492.74,427822
2025-06-20,S06_016,94195.08,593144
2025-06-20,S06_017,37772.21,401636
2025-06-20,S06_018,46106.82,103697
2025-06-20,S06_019,103560.31,388499
2025-06-20,S06_020,57895.66,563467
2025-06-20,S06_021,47323.25,727159
2025-06-20,S06_022,59932.6,966825
2025-06-20,S06_023,25437.97,1125240
2025-06-20,S06_024,24717.93,1257667
2025-06-20,S06_025,72537.45,634152
2025-06-20,S06_026,64809.37,555767
2025-06-20,S06_027,24637.08,130853
2025-06-20,S06_028,62534.64,610367
2025-06-20,S06_029,38163.6,371288
2025-06-20,S06_030,60976.63,192967
2025-06-23,S06_001,51066.21,478604
2025-06-23,S06_002,54987.25,136025
2025-06-23,S06_003,33829.45,331966
2025-06-23,S06_004,25718.92,130599
2025-06-23,S06_005,27310.23,1107382
2025-06-23,S06_006,46671.94,151297
2025-06-23,S06_007,53194.56,452006
2025-06-23,S06_008,58879.17,350447
2025-06-23,S06_009,50272.45,446339
2025-06-23,S06_010,60036.32,820849
2025-06-23,S06_011,36714.09,475048
2025-06-23,S06_012,53274.27,459179
2025-06-23,S06_013,43461.29,365295
2025-06-23,S06_014,24903.79,363490
2025-06-23,S06_015,59849.9,203380
2025-06-23,S06_016,96295.95,654474
2025-06-23,S06_017,36914.74,280105
2025-06-23,S06_018,44937.51,115604
2025-06-23,S06_019,101461.52,220854
2025-06-23,S06_020,55053.37,462558
2025-06-23,S06_021,48489.31,514943
2025-06-23,S06_022,59751.12,331601
2025-06-23,S06_023,25765.08,407154
2025-06-23,S06_024,24662.09,1058277
2025-06-23,S06_025,72615.02,1132455
2025-06-23,S06_026,65135.35,472014
2025-06-23,S06_027,24796.09,124418
2025-06-23,S06_028,62067.69,692910
2025-06-23,S06_029,38252.32,292184
2025-06-23,S06_030,60941.4,224751
2025-06-24,S06_001,50943.78,585808
2025-06-24,S06_002,54971.19,77148
2025-06-24,S06_003,34489.81,480794
2025-06-24,S06_004,26058.42,197325
2025-06-24,S06_005,27770.98,791302
2025-06-24,S06_006,46552.84,379034
2025-06-24,S06_007,52590.7,926415
2025-06-24,S06_008,60608.24,401568
2025-06-24,S06_009,50407.65,705642
2025-06-24,S06_010,58939.96,2157217
2025-06-24,S06_011,37322.55,1016280
2025-06-24,S06_012,52242.8,640104
2025-06-24,S06_013,43133.19,708802
2025-06-24,S06_014,24591.9,509377
2025-06-24,S06_015,59261.37,547909
2025-06-24,S06_016,103408.07,911465
2025-06-24,S06_017,35292.56,201221
2025-06-24,S06_018,43867.76,34125
2025-06-24,S06_019,103564.04,91636
2025-06-24,S06_020,55819.56,375178
2025-06-24,S06_021,48674.85,476444
2025-06-24,S06_022,61704.17,490259
2025-06-24,S06_023,24977.61,555750
2025-06-24,S06_024,24726.16,796946
2025-06-24,S06_025,72801.35,825536
2025-06-24,S06_026,64871.5,318798
2025-06-24,S06_027,24845.88,195078
2025-06-24,S06_028,62307.22,677036
2025-06-24,S06_029,38172.74,756693
2025-06-24,S06_030,60941.17,134569
2025-06-25,S06_001,51617.4,929530
2025-06-25,S06_002,54340.92,45168
2025-06-25,S06_003,33733.63,166626
2025-06-25,S06_004,26502.83,177011
2025-06-25,S06_005,27762.42,903625
2025-06-25,S06_006,46098.57,207872
2025-06-25,S06_007,52808.96,1457448
2025-06-25,S06_008,60822.81,229712
2025-06-25,S06_009,50093.55,578960
2025-06-25,S06_010,59516.07,889070
2025-06-25,S06_011,37544.46,370551
2025-06-25,S06_012,51380.77,583724
2025-06-25,S06_013,43744.03,395047
2025-06-25,S06_014,24724.76,498405
2025-06-25,S06_015,59506.58,314340
2025-06-25,S06_016,104841.83,938631
2025-06-25,S06_017,36656.59,147166
2025-06-25,S06_018,43079.47,79500
2025-06-25,S06_019,102812.42,117109
2025-06-25,S06_020,55064.26,403456
2025-06-25,S06_021,46320.94,763105
2025-06-25,S06_022,63696.24,427102
2025-06-25,S06_023,25805.2,830092
2025-06-25,S06_024,24779.63,852658
2025-06-25,S06_025,72641.0,337036
2025-06-25,S06_026,64482.7,403583
2025-06-25,S06_027,24863.6,201816
2025-06-25,S06_028,62307.66,631411
2025-06-25,S06_029,38027.08,704248
2025-06-25,S06_030,61059.27,129146
2025-06-26,S06_001,50916.85,496323
2025-06-26,S06_002,54410.57,94814
2025-06-26,S06_003,33680.37,261591
2025-06-26,S06_004,26211.54,126027
2025-06-26,S06_005,27848.23,633568
2025-06-26,S06_006,46072.85,131100
2025-06-26,S06_007,53324.67,951992
2025-06-26,S06_008,60993.19,462205
2025-06-26,S06_009,50061.32,696347
2025-06-26,S06_010,59226.77,917932
2025-06-26,S06_011,37310.74,553463
2025-06-26,S06_012,51487.43,668537
2025-06-26,S06_013,43833.93,262365
2025-06-26,S06_014,24449.48,759352
2025-06-26,S06_015,59147.58,442728
2025-06-26,S06_016,108329.76,476554
2025-06-26,S06_017,37561.39,337848
2025-06-26,S06_018,45583.64,118291
2025-06-26,S06_019,102390.19,148091
2025-06-26,S06_020,59495.35,506035
2025-06-26,S06_021,44954.64,552360
2025-06-26,S06_022,63933.38,869547
2025-06-26,S06_023,25431.86,923246
2025-06-26,S06_024,24845.56,840328
2025-06-26,S06_025,72945.89,381295
2025-06-26,S06_026,64418.94,614665
2025-06-26,S06_027,24896.59,227320
2025-06-26,S06_028,62337.19,516729
2025-06-26,S06_029,37770.95,365572
2025-06-26,S06_030,60908.59,227606
2025-06-27,S06_001,50560.21,316260
2025-06-27,S06_002,55291.77,112452
2025-06-27,S06_003,33483.21,249023
2025-06-27,S06_004,26629.79,104838
2025-06-27,S06_005,28214.14,637219
2025-06-27,S06_006,44890.24,295823
2025-06-27,S06_007,53715.27,1039621
2025-06-27,S06_008,60950.77,289948
2025-06-27,S06_009,48548.71,1270821
2025-06-27,S06_010,58587.61,555333
2025-06-27,S06_011,37574.25,330225
2025-06-27,S06_012,51579.0,593524
2025-06-27,S06_013,44211.47,190065
2025-06-27,S06_014,24216.53,890377
2025-06-27,S06_015,58757.08,461509
2025-06-27,S06_016,105156.38,1970843
2025-06-27,S06_017,37600.39,222593
2025-06-27,S06_018,44894.96,110139
2025-06-27,S06_019,101276.17,217604
2025-06-27,S06_020,60629.15,497732
2025-06-27,S06_021,43341.49,867165
2025-06-27,S06_022,62065.6,340676
2025-06-27,S06_023,25244.51,565052
2025-06-27,S06_024,24632.06,766105
2025-06-27,S06_025,73251.76,645050
2025-06-27,S06_026,64461.08,420884
2025-06-27,S06_027,24717.9,142899
2025-06-27,S06_028,62402.86,634118
2025-06-27,S06_029,37834.15,488709
2025-06-27,S06_030,60988.79,316165
2025-06-30,S06_001,50413.6,907005
2025-06-30,S06_002,54924.56,72822
2025-06-30,S06_003,33846.65,405471
2025-06-30,S06_004,25982.8,153328
2025-06-30,S06_005,28143.95,1180906
2025-06-30,S06_006,45748.98,225943
2025-06-30,S06_007,53152.18,911281
2025-06-30,S06_008,61007.54,219328
2025-06-30,S06_009,48256.36,680943
2025-06-30,S06_010,58190.85,1153129
2025-06-30,S06_011,38078.92,309076
2025-06-30,S06_012,49997.54,346250
2025-06-30,S06_013,43511.76,472343
2025-06-30,S06_014,24151.3,632217
2025-06-30,S06_015,58393.31,349060
2025-06-30,S06_016,101424.01,714813
2025-06-30,S06_017,36302.96,233477
2025-06-30,S06_018,45195.93,137463
2025-06-30,S06_019,102654.73,197526
2025-06-30,S06_020,63751.43,277133
2025-06-30,S06_021,41997.01,470844
2025-06-30,S06_022,64992.44,616835
2025-06-30,S06_023,24020.06,656676
2025-06-30,S06_024,24546.82,565383
2025-06-30,S06_025,73079.71,405502
2025-06-30,S06_026,64030.25,328895
2025-06-30,S06_027,24618.94,249916
2025-06-30,S06_028,62208.94,853649
2025-06-30,S06_029,38036.66,391306
2025-06-30,S06_030,60671.94,242064
2025-07-01,S06_001,50055.09,647502
2025-07-01,S06_002,54538.2,102112
2025-07-01,S06_003,33667.56,321138
2025-07-01,S06_004,25824.41,252473
2025-07-01,S06_005,28292.08,521865
2025-07-01,S06_006,45752.92,253075
2025-07-01,S06_007,53955.51,997932
2025-07-01,S06_008,60806.92,443443
2025-07-01,S06_009,49058.67,731569
2025-07-01,S06_010,58700.91,882459
2025-07-01,S06_011,38474.29,518040
2025-07-01,S06_012,51097.75,532859
2025-07-01,S06_013,44666.97,293357
2025-07-01,S06_014,24056.44,526165
2025-07-01,S06_015,58438.18,518443
2025-07-01,S06_016,98745.81,529932
2025-07-01,S06_017,37157.8,170164
2025-07-01,S06_018,45040.6,182654
2025-07-01,S06_019,107535.56,152044
2025-07-01,S06_020,64308.25,405370
2025-07-01,S06_021,40924.62,495946
2025-07-01,S06_022,65235.99,192564
2025-07-01,S06_023,24704.15,600509
2025-07-01,S06_024,24440.38,423276
2025-07-01,S06_025,73081.61,424402
2025-07-01,S06_026,63884.52,667537
2025-07-01,S06_027,24668.06,318939
2025-07-01,S06_028,62193.55,467330
2025-07-01,S06_029,38149.63,397091
2025-07-01,S06_030,60974.39,512344
2025-07-02,S06_001,50369.77,592684
2025-07-02,S06_002,54458.13,90860
2025-07-02,S06_003,34543.04,587530
2025-07-02,S06_004,26033.84,199503
2025-07-02,S06_005,28444.3,669072
2025-07-02,S06_006,44821.12,446912
2025-07-02,S06_007,53631.79,1071942
2025-07-02,S06_008,61626.29,356324
2025-07-02,S06_009,49124.64,446564
2025-07-02,S06_010,58601.63,833184
2025-07-02,S06_011,38259.68,637768
2025-07-02,S06_012,51199.33,638713
2025-07-02,S06_013,45167.05,238555
2025-07-02,S06_014,23679.02,633198
2025-07-02,S06_015,59317.49,814680
2025-07-02,S06_016,99760.54,524736
2025-07-02,S06_017,36448.64,254489
2025-07-02,S06_018,45944.68,102236
2025-07-02,S06_019,104654.51,236684
2025-07-02,S06_020,67452.77,352755
2025-07-02,S06_021,39987.45,1026039
2025-07-02,S06_022,61312.97,524308
2025-07-02,S06_023,25022.61,922132
2025-07-02,S06_024,24443.99,471635
2025-07-02,S06_025,72986.26,369087
2025-07-02,S06_026,63901.7,524086
2025-07-02,S06_027,24859.44,175696
2025-07-02,S06_028,62321.72,373168
2025-07-02,S06_029,38157.62,337283
2025-07-02,S06_030,60402.54,214721
2025-07-03,S06_001,50848.93,664694
2025-07-03,S06_002,54907.16,56243
2025-07-03,S06_003,34250.84,541748
2025-07-03,S06_004,26108.85,174902
2025-07-03,S06_005,29048.98,1189538
2025-07-03,S06_006,44551.0,145544
2025-07-03,S06_007,53542.72,639231
2025-07-03,S06_008,62743.47,690325
2025-07-03,S06_009,47367.06,695192
2025-07-03,S06_010,58800.29,1545026
2025-07-03,S06_011,37745.43,549344
2025-07-03,S06_012,50774.62,850766
2025-07-03,S06_013,44532.93,231975
2025-07-03,S06_014,23873.85,661804
2025-07-03,S06_015,60288.79,394924
2025-07-03,S06_016,100165.88,750499
2025-07-03,S06_017,34331.99,215375
2025-07-03,S06_018,45107.94,118269
2025-07-03,S06_019,104777.74,198135
2025-07-03,S06_020,68966.12,362341
2025-07-03,S06_021,43184.66,515040
2025-07-03,S06_022,66675.48,795293
2025-07-03,S06_023,25219.68,713977
2025-07-03,S06_024,24332.99,756877
2025-07-03,S06_025,73169.45,510296
2025-07-03,S06_026,63769.35,506453
2025-07-03,S06_027,24769.41,105926
2025-07-03,S06_028,62734.74,762024
2025-07-03,S06_029,38234.08,514087
2025-07-03,S06_030,60121.68,212852
2025-07-04,S06_001,51162.1,486838
2025-07-04,S06_002,54265.59,131641
2025-07-04,S06_003,33703.9,407367
2025-07-04,S06_004,26193.57,177937
2025-07-04,S06_005,29793.9,725311
2025-07-04,S06_006,44621.07,345865
2025-07-04,S06_007,54254.35,577329
2025-07-04,S06_008,63762.41,529464
2025-07-04,S06_009,47756.17,394058
2025-07-04,S06_010,59280.77,806557
2025-07-04,S06_011,37428.0,1022521
2025-07-04,S06_012,50185.4,854854
2025-07-04,S06_013,44204.52,208343
2025-07-04,S06_014,24200.37,603285
2025-07-04,S06_015,59257.69,379053
2025-07-04,S06_016,94803.05,769774
2025-07-04,S06_017,35399.17,206199
2025-07-04,S06_018,42883.74,107107
2025-07-04,S06_019,107616.18,274643
2025-07-04,S06_020,68198.34,695714
2025-07-04,S06_021,42336.87,394840
2025-07-04,S06_022,67491.31,490252
2025-07-04,S06_023,24827.46,804562
2025-07-04,S06_024,24264.1,811216
2025-07-04,S06_025,73262.74,345468
2025-07-04,S06_026,63543.2,303143
2025-07-04,S06_027,24848.51,118281
2025-07-04,S06_028,63161.66,489390
2025-07-04,S06_029,38211.35,397863
2025-07-04,S06_030,60284.79,169167
2025-07-07,S06_001,50142.15,654179
2025-07-07,S06_002,53943.38,54752
2025-07-07,S06_003,33833.95,329189
2025-07-07,S06_004,25905.58,122927
2025-07-07,S06_005,29795.83,1321798
2025-07-07,S06_006,44593.53,264139
2025-07-07,S06_007,54377.81,1008825
2025-07-07,S06_008,64857.75,630617
2025-07-07,S06_009,48508.28,448434
2025-07-07,S06_010,58676.91,1248781
2025-07-07,S06_011,37557.53,357163
2025-07-07,S06_012,49804.57,865424
2025-07-07,S06_013,43272.28,305272
2025-07-07,S06_014,24037.51,476262
2025-07-07,S06_015,59227.61,380132
2025-07-07,S06_016,93686.41,777395
2025-07-07,S06_017,33015.56,395903
2025-07-07,S06_018,44409.08,135997
2025-07-07,S06_019,109069.93,150404
2025-07-07,S06_020,70974.74,606531
2025-07-07,S06_021,39562.27,547569
2025-07-07,S06_022,67678.38,408874
2025-07-07,S06_023,24387.05,806247
2025-07-07,S06_024,24130.79,954734
2025-07-07,S06_025,72924.93,791959
2025-07-07,S06_026,63283.3,263208
2025-07-07,S06_027,24966.38,145057
2025-07-07,S06_028,63341.74,718930
2025-07-07,S06_029,38321.87,376653
2025-07-07,S06_030,60429.67,342879
2025-07-08,S06_001,49995.31,680496
2025-07-08,S06_002,53362.71,117563
2025-07-08,S06_003,34199.2,198051
2025-07-08,S06_004,25055.06,158464
2025-07-08,S06_005,30357.32,604241
2025-07-08,S06_006,43924.78,300623
2025-07-08,S06_007,54311.92,839127
2025-07-08,S06_008,65336.13,364369
2025-07-08,S06_009,47524.45,704258
2025-07-08,S06_010,58147.6,1233464
2025-07-08,S06_011,36887.65,585025
2025-07-08,S06_012,50485.48,610436
2025-07-08,S06_013,42296.24,279951
2025-07-08,S06_014,24708.69,461863
2025-07-08,S06_015,59732.57,486138
2025-07-08,S06_016,93835.17,677040
2025-07-08,S06_017,32739.96,257059
2025-07-08,S06_018,44883.16,87756
2025-07-08,S06_019,114693.35,277613
2025-07-08,S06_020,67293.22,241784
2025-07-08,S06_021,40905.23,891341
2025-07-08,S06_022,63516.66,627137
2025-07-08,S06_023,24845.41,880928
2025-07-08,S06_024,24140.92,823078
2025-07-08,S06_025,72860.33,691642
2025-07-08,S06_026,63226.93,504297
2025-07-08,S06_027,25040.56,89023
2025-07-08,S06_028,63205.53,360277
2025-07-08,S06_029,38085.53,382130
2025-07-08,S06_030,60580.28,170576
2025-07-09,S06_001,49900.21,727537
2025-07-09,S06_002,54320.38,72517
2025-07-09,S06_003,33850.12,379153
2025-07-09,S06_004,25184.38,159856
2025-07-09,S06_005,29623.12,1033434
2025-07-09,S06_006,44618.73,126118
2025-07-09,S06_007,56061.23,1865817
2025-07-09,S06_008,66037.75,423735
2025-07-09,S06_009,47634.46,515322
2025-07-09,S06_010,60086.35,933423
2025-07-09,S06_011,37717.61,474059
2025-07-09,S06_012,50918.33,822621
2025-07-09,S06_013,42456.11,314081
2025-07-09,S06_014,24452.19,435204
2025-07-09,S06_015,61075.34,357605
2025-07-09,S06_016,94938.74,856215
2025-07-09,S06_017,33604.55,276883
2025-07-09,S06_018,46348.39,201311
2025-07-09,S06_019,107231.02,256155
2025-07-09,S06_020,70777.19,364433
2025-07-09,S06_021,41032.47,510396
2025-07-09,S06_022,65270.57,323304
2025-07-09,S06_023,24319.73,744704
2025-07-09,S06_024,24319.49,1075869
2025-07-09,S06_025,73256.67,323678
2025-07-09,S06_026,63322.24,260080
2025-07-09,S06_027,24997.8,177592
2025-07-09,S06_028,63247.24,469618
2025-07-09,S06_029,37899.29,617929
2025-07-09,S06_030,60242.72,228321
2025-07-10,S06_001,49271.33,672594
2025-07-10,S06_002,53790.02,98070
2025-07-10,S06_003,34426.19,658296
2025-07-10,S06_004,25505.12,161190
2025-07-10,S06_005,29553.24,1280363
2025-07-10,S06_006,45116.9,262013
2025-07-10,S06_007,56363.95,535686
2025-07-10,S06_008,66701.25,522584
2025-07-10,S06_009,47415.9,476269
2025-07-10,S06_010,58997.36,565925
2025-07-10,S06_011,37832.77,461491
2025-07-10,S06_012,50753.42,1017866
2025-07-10,S06_013,41173.42,721957
2025-07-10,S06_014,24432.33,389630
2025-07-10,S06_015,60075.41,358667
2025-07-10,S06_016,95162.9,747997
2025-07-10,S06_017,33773.23,291824
2025-07-10,S06_018,48092.2,174118
2025-07-10,S06_019,104978.73,111568
2025-07-10,S06_020,74638.89,333983
2025-07-10,S06_021,42195.4,666256
2025-07-10,S06_022,62230.24,583940
2025-07-10,S06_023,25006.17,875633
2025-07-10,S06_024,24390.94,777336
2025-07-10,S06_025,73138.15,660688
2025-07-10,S06_026,63254.86,201372
2025-07-10,S06_027,25038.62,195530
2025-07-10,S06_028,63562.58,665349
2025-07-10,S06_029,37805.71,320909
2025-07-10,S06_030,59481.91,107547
2025-07-11,S06_001,48803.15,293951
2025-07-11,S06_002,53941.75,91124
2025-07-11,S06_003,34223.81,467729
2025-07-11,S06_004,25551.79,107795
2025-07-11,S06_005,29800.34,808003
2025-07-11,S06_006,44449.98,326998
2025-07-11,S06_007,56475.05,1127573
2025-07-11,S06_008,65619.29,175098
2025-07-11,S06_009,47683.39,606648
2025-07-11,S06_010,57333.4,782780
2025-07-11,S06_011,38319.53,458807
2025-07-11,S06_012,51326.2,763053
2025-07-11,S06_013,41184.04,293825
2025-07-11,S06_014,23999.87,672909
2025-07-11,S06_015,60104.55,375592
2025-07-11,S06_016,98060.86,1061958
2025-07-11,S06_017,34580.71,162856
2025-07-11,S06_018,46761.71,107246
2025-07-11,S06_019,104665.27,216879
2025-07-11,S06_020,76077.78,432558
2025-07-11,S06_021,42043.05,394060
2025-07-11,S06_022,66127.33,932703
2025-07-11,S06_023,26040.86,937743
2025-07-11,S06_024,24490.44,1142807
2025-07-11,S06_025,73410.69,653393
2025-07-11,S06_026,62891.78,427794
2025-07-11,S06_027,24854.83,198837
2025-07-11,S06_028,64053.52,547773
2025-07-11,S06_029,37592.88,357706
2025-07-11,S06_030,59819.03,343729
2025-07-14,S06_001,49904.17,635780
2025-07-14,S06_002,53586.61,93379
2025-07-14,S06_003,34137.11,248076
2025-07-14,S06_004,25640.46,107060
2025-07-14,S06_005,29318.36,913162
2025-07-14,S06_006,44659.76,413710
2025-07-14,S06_007,56391.19,599443
2025-07-14,S06_008,65494.57,214087
2025-07-14,S06_009,48085.69,494198
2025-07-14,S06_010,56699.81,1252431
2025-07-14,S06_011,37832.54,494095
2025-07-14,S06_012,51750.5,629835
2025-07-14,S06_013,40735.87,549933
2025-07-14,S06_014,23827.97,481941
2025-07-14,S06_015,60738.4,325351
2025-07-14,S06_016,93607.62,1739802
2025-07-14,S06_017,35860.92,341989
2025-07-14,S06_018,47147.64,80161
2025-07-14,S06_019,106548.99,185332
2025-07-14,S06_020,74745.63,511425
2025-07-14,S06_021,43955.95,418469
2025-07-14,S06_022,61252.21,413373
2025-07-14,S06_023,25649.12,389640
2025-07-14,S06_024,24694.01,1028789
2025-07-14,S06_025,73882.13,637713
2025-07-14,S06_026,62721.62,580486
2025-07-14,S06_027,25079.89,112644
2025-07-14,S06_028,64394.27,698751
2025-07-14,S06_029,37864.08,353478
2025-07-14,S06_030,59817.34,275857
2025-07-15,S06_001,50442.53,667684
2025-07-15,S06_002,53909.41,129088
2025-07-15,S06_003,34241.52,271642
2025-07-15,S06_004,25767.59,152108
2025-07-15,S06_005,30107.17,1119460
2025-07-15,S06_006,44203.28,131576
2025-07-15,S06_007,56219.23,897584
2025-07-15,S06_008,65128.45,361470
2025-07-15,S06_009,47948.09,525066
2025-07-15,S06_010,56417.79,733665
2025-07-15,S06_011,37865.46,498721
2025-07-15,S06_012,51520.84,664479
2025-07-15,S06_013,40965.92,268498
2025-07-15,S06_014,24379.61,810368
2025-07-15,S06_015,60166.45,330140
2025-07-15,S06_016,99632.09,972438
2025-07-15,S06_017,34707.79,332118
2025-07-15,S06_018,45916.35,107224
2025-07-15,S06_019,105749.39,209040
2025-07-15,S06_020,71950.98,277699
2025-07-15,S06_021,44159.81,314644
2025-07-15,S06_022,62995.22,697792
2025-07-15,S06_023,25659.77,793554
2025-07-15,S06_024,24772.92,662098
2025-07-15,S06_025,73852.91,559900
2025-07-15,S06_026,62864.53,213469
2025-07-15,S06_027,25336.73,95015
2025-07-15,S06_028,64241.48,768081
2025-07-15,S06_029,37819.55,538627
2025-07-15,S06_030,59963.64,202006
2025-07-16,S06_001,49766.52,698071
2025-07-16,S06_002,54603.19,124726
2025-07-16,S06_003,34063.21,546175
2025-07-16,S06_004,25520.5,136916
2025-07-16,S06_005,30668.58,348695
2025-07-16,S06_006,43519.65,205139
2025-07-16,S06_007,56348.11,1037020
2025-07-16,S06_008,65133.08,203681
2025-07-16,S06_009,47958.61,617268
2025-07-16,S06_010,56908.04,566422
2025-07-16,S06_011,37534.41,363262
2025-07-16,S06_012,52161.72,310521
2025-07-16,S06_013,40970.06,266669
2025-07-16,S06_014,24466.55,278662
2025-07-16,S06_015,59643.69,481059
2025-07-16,S06_016,93028.59,792475
2025-07-16,S06_017,34701.55,298145
2025-07-16,S06_018,42479.31,112518
2025-07-16,S06_019,104675.26,83293
2025-07-16,S06_020,74053.6,342364
2025-07-16,S06_021,45584.86,464583
2025-07-16,S06_022,66307.73,480952
2025-07-16,S06_023,24077.42,994322
2025-07-16,S06_024,24818.13,1215575
2025-07-16,S06_025,74237.54,558541
2025-07-16,S06_026,62856.66,570947
2025-07-16,S06_027,25370.1,214564
2025-07-16,S06_028,64547.47,567573
2025-07-16,S06_029,37826.5,721118
2025-07-16,S06_030,59736.83,206376
2025-07-17,S06_001,50209.7,562777
2025-07-17,S06_002,54566.02,67301
2025-07-17,S06_003,34931.71,237285
2025-07-17,S06_004,25485.85,139073
2025-07-17,S06_005,30557.41,1178408
2025-07-17,S06_006,43074.61,549648
2025-07-17,S06_007,55912.22,864487
2025-07-17,S06_008,65103.44,273368
2025-07-17,S06_009,49061.9,556996
2025-07-17,S06_010,56367.06,901479
2025-07-17,S06_011,36619.0,856474
2025-07-17,S06_012,52937.5,509638
2025-07-17,S06_013,40162.05,152311
2025-07-17,S06_014,24458.91,434495
2025-07-17,S06_015,59179.45,316310
2025-07-17,S06_016,96521.76,1309045
2025-07-17,S06_017,34625.67,231488
2025-07-17,S06_018,41643.91,103422
2025-07-17,S06_019,104245.49,157663
2025-07-17,S06_020,75605.66,366744
2025-07-17,S06_021,46998.24,717493
2025-07-17,S06_022,66830.92,408290
2025-07-17,S06_023,23897.22,700093
2025-07-17,S06_024,24630.25,763705
2025-07-17,S06_025,73874.6,627587
2025-07-17,S06_026,62426.0,272930
2025-07-17,S06_027,25367.64,347708
2025-07-17,S06_028,64376.71,558532
2025-07-17,S06_029,37987.08,344152
2025-07-17,S06_030,59722.97,236155
2025-07-18,S06_001,50613.99,1231403
2025-07-18,S06_002,55140.41,94603
2025-07-18,S06_003,34446.12,349760
2025-07-18,S06_004,25137.18,155088
2025-07-18,S06_005,31379.93,954076
2025-07-18,S06_006,43487.31,110333
2025-07-18,S06_007,55453.14,896947
2025-07-18,S06_008,65678.78,458814
2025-07-18,S06_009,51675.66,563028
2025-07-18,S06_010,56882.01,601698
2025-07-18,S06_011,36864.12,813994
2025-07-18,S06_012,53649.0,248131
2025-07-18,S06_013,39972.5,443514
2025-07-18,S06_014,24171.71,577840
2025-07-18,S06_015,59347.26,426205
2025-07-18,S06_016,101055.05,1155751
2025-07-18,S06_017,34500.1,211907
2025-07-18,S06_018,40580.23,68354
2025-07-18,S06_019,103123.92,140892
2025-07-18,S06_020,70738.92,364558
2025-07-18,S06_021,46367.63,436248
2025-07-18,S06_022,67086.47,153375
2025-07-18,S06_023,23747.98,488835
2025-07-18,S06_024,24726.36,792504
2025-07-18,S06_025,73913.29,373604
2025-07-18,S06_026,62942.25,408710
2025-07-18,S06_027,25414.37,274254
2025-07-18,S06_028,64658.49,543038
2025-07-18,S06_029,37895.9,688525
2025-07-18,S06_030,59314.98,438817
2025-07-21,S06_001,50193.29,557239
2025-07-21,S06_002,55600.46,111729
2025-07-21,S06_003,33892.28,261429
2025-07-21,S06_004,25460.61,261190
2025-07-21,S06_005,31701.14,784316
2025-07-21,S06_006,42991.08,326565
2025-07-21,S06_007,55269.72,803453
2025-07-21,S06_008,65428.36,410663
2025-07-21,S06_009,52182.12,903850
2025-07-21,S06_010,56474.03,622231
2025-07-21,S06_011,37431.09,601484
2025-07-21,S06_012,53936.96,541648
2025-07-21,S06_013,39984.43,216431
2025-07-21,S06_014,23713.3,678258
2025-07-21,S06_015,59015.94,285430
2025-07-21,S06_016,97757.73,905350
2025-07-21,S06_017,35285.74,284097
2025-07-21,S06_018,41592.88,160180
2025-07-21,S06_019,107725.91,312692
2025-07-21,S06_020,69736.14,350796
2025-07-21,S06_021,46640.76,497073
2025-07-21,S06_022,67760.33,241588
2025-07-21,S06_023,23979.45,623964
2025-07-21,S06_024,24669.51,807528
2025-07-21,S06_025,74021.19,453332
2025-07-21,S06_026,63123.35,501584
2025-07-21,S06_027,25597.5,176394
2025-07-21,S06_028,64998.99,545230
2025-07-21,S06_029,37669.7,641180
2025-07-21,S06_030,59236.65,184527
2025-07-22,S06_001,50542.79,741558
2025-07-22,S06_002,55837.24,106647
2025-07-22,S06_003,33652.12,262739
2025-07-22,S06_004,24773.32,154536
2025-07-22,S06_005,31815.84,774581
2025-07-22,S06_006,43156.18,232798
2025-07-22,S06_007,55819.79,889134
2025-07-22,S06_008,63737.1,526360
2025-07-22,S06_009,52352.13,1086066
2025-07-22,S06_010,56798.36,600783
2025-07-22,S06_011,38562.2,592183
2025-07-22,S06_012,54200.87,415822
2025-07-22,S06_013,39964.37,372478
2025-07-22,S06_014,24074.57,642646
2025-07-22,S06_015,59261.95,411768
2025-07-22,S06_016,104355.92,1197082
2025-07-22,S06_017,36052.79,336375
2025-07-22,S06_018,41228.2,74687
2025-07-22,S06_019,109119.43,161020
2025-07-22,S06_020,66000.35,546696
2025-07-22,S06_021,48486.68,278104
2025-07-22,S06_022,63786.63,467954
2025-07-22,S06_023,24552.6,727020
2025-07-22,S06_024,24706.03,986667
2025-07-22,S06_025,73835.09,878220
2025-07-22,S06_026,63314.47,335730
2025-07-22,S06_027,25627.3,128033
2025-07-22,S06_028,65213.25,792547
2025-07-22,S06_029,37554.61,307860
2025-07-22,S06_030,59446.08,244819
2025-07-23,S06_001,50314.8,540140
2025-07-23,S06_002,56506.24,112088
2025-07-23,S06_003,33244.06,362204
2025-07-23,S06_004,24704.76,180731
2025-07-23,S06_005,32010.07,380742
2025-07-23,S06_006,42447.54,185063
2025-07-23,S06_007,56591.99,600365
2025-07-23,S06_008,64072.49,256353
2025-07-23,S06_009,51944.89,590401
2025-07-23,S06_010,57567.41,1219536
2025-07-23,S06_011,38665.93,484273
2025-07-23,S06_012,53491.27,343525
2025-07-23,S06_013,39855.93,129495
2025-07-23,S06_014,24175.98,804421
2025-07-23,S06_015,58684.16,313310
2025-07-23,S06_016,103859.78,658958
2025-07-23,S06_017,37293.88,253237
2025-07-23,S06_018,42105.69,121512
2025-07-23,S06_019,108561.39,169560
2025-07-23,S06_020,65812.81,369304
2025-07-23,S06_021,49271.56,412846
2025-07-23,S06_022,62566.94,560934
2025-07-23,S06_023,24837.45,332283
2025-07-23,S06_024,24780.04,1441985
2025-07-23,S06_025,73680.08,547471
2025-07-23,S06_026,63171.27,426207
2025-07-23,S06_027,25562.09,142944
2025-07-23,S06_028,65047.15,688560
2025-07-23,S06_029,37486.59,457362
2025-07-23,S06_030,58909.95,148678
2025-07-24,S06_001,49280.09,815562
2025-07-24,S06_002,58129.33,106081
2025-07-24,S06_003,32667.9,398008
2025-07-24,S06_004,25236.7,122528
2025-07-24,S06_005,31742.42,1023704
2025-07-24,S06_006,42822.77,192619
2025-07-24,S06_007,55486.92,687321
2025-07-24,S06_008,63960.02,484448
2025-07-24,S06_009,51878.58,534633
2025-07-24,S06_010,57045.71,1298017
2025-07-24,S06_011,38412.87,745773
2025-07-24,S06_012,52060.74,736147
2025-07-24,S06_013,40440.35,252126
2025-07-24,S06_014,23895.91,999039
2025-07-24,S06_015,59495.74,405735
2025-07-24,S06_016,103262.33,1240212
2025-07-24,S06_017,36044.79,335544
2025-07-24,S06_018,42968.58,46090
2025-07-24,S06_019,109794.99,162460
2025-07-24,S06_020,64549.0,292678
2025-07-24,S06_021,50958.92,419912
2025-07-24,S06_022,63148.05,300056
2025-07-24,S06_023,25771.01,811848
2025-07-24,S06_024,24753.92,609873
2025-07-24,S06_025,73821.77,592235
2025-07-24,S06_026,63196.71,301896
2025-07-24,S06_027,25636.68,204171
2025-07-24,S06_028,64746.8,508179
2025-07-24,S06_029,37544.29,294180
2025-07-24,S06_030,59446.81,313090
2025-07-25,S06_001,49068.3,385754
2025-07-25,S06_002,59078.75,128176
2025-07-25,S06_003,32822.23,257490
2025-07-25,S06_004,25392.23,248675
2025-07-25,S06_005,31829.56,827618
2025-07-25,S06_006,42697.43,489455
2025-07-25,S06_007,55766.31,839792
2025-07-25,S06_008,64410.93,285347
2025-07-25,S06_009,51908.39,568856
2025-07-25,S06_010,57624.32,550909
2025-07-25,S06_011,38821.19,400374
2025-07-25,S06_012,52143.25,427883
2025-07-25,S06_013,40963.27,325903
2025-07-25,S06_014,23594.53,716459
2025-07-25,S06_015,59754.1,620665
2025-07-25,S06_016,106487.22,1272046
2025-07-25,S06_017,36417.13,74213
2025-07-25,S06_018,41228.4,83402
2025-07-25,S06_019,105152.65,237109
2025-07-25,S06_020,64588.22,514527
2025-07-25,S06_021,55290.31,723519
2025-07-25,S06_022,65000.16,318752
2025-07-25,S06_023,25783.93,619034
2025-07-25,S06_024,24758.52,1121383
2025-07-25,S06_025,73849.33,922242
2025-07-25,S06_026,63055.92,473026
2025-07-25,S06_027,25675.06,141776
2025-07-25,S06_028,64650.61,938960
2025-07-25,S06_029,37411.42,383775
2025-07-25,S06_030,59100.61,330870
2025-07-28,S06_001,48488.25,1087340
2025-07-28,S06_002,58043.87,125729
2025-07-28,S06_003,32414.24,423484
2025-07-28,S06_004,25059.52,294359
2025-07-28,S06_005,31543.8,556073
2025-07-28,S06_006,42936.94,287515
2025-07-28,S06_007,55736.44,838920
2025-07-28,S06_008,63596.2,467227
2025-07-28,S06_009,51994.38,450502
2025-07-28,S06_010,56710.15,959087
2025-07-28,S06_011,38420.19,669149
2025-07-28,S06_012,51887.62,522300
2025-07-28,S06_013,40308.15,297190
2025-07-28,S06_014,23740.2,615086
2025-07-28,S06_015,58272.74,347264
2025-07-28,S06_016,106973.88,860408
2025-07-28,S06_017,35095.75,142942
2025-07-28,S06_018,39722.82,193200
2025-07-28,S06_019,103162.07,184203
2025-07-28,S06_020,62221.44,185962
2025-07-28,S06_021,54333.41,820518
2025-07-28,S06_022,66935.74,346180
2025-07-28,S06_023,24890.23,929682
2025-07-28,S06_024,24587.28,1460603
2025-07-28,S06_025,73972.73,698304
2025-07-28,S06_026,63190.16,552518
2025-07-28,S06_027,25705.76,152140
2025-07-28,S06_028,64803.24,1002902
2025-07-28,S06_029,37407.18,261436
2025-07-28,S06_030,58941.33,163318
2025-07-29,S06_001,48185.76,711099
2025-07-29,S06_002,57172.52,107577
2025-07-29,S06_003,32413.89,372178
2025-07-29,S06_004,25200.67,137924
2025-07-29,S06_005,31567.75,825964
2025-07-29,S06_006,42328.36,216875
2025-07-29,S06_007,57557.17,974461
2025-07-29,S06_008,64025.03,470738
2025-07-29,S06_009,50531.11,982986
2025-07-29,S06_010,56705.8,953595
2025-07-29,S06_011,38082.01,488577
2025-07-29,S06_012,51528.99,640313
2025-07-29,S06_013,39521.87,246823
2025-07-29,S06_014,24030.67,733525
2025-07-29,S06_015,58631.64,294506
2025-07-29,S06_016,105289.13,763345
2025-07-29,S06_017,35589.92,308917
2025-07-29,S06_018,40268.9,106569
2025-07-29,S06_019,101276.25,151913
2025-07-29,S06_020,65117.25,200357
2025-07-29,S06_021,53699.58,631067
2025-07-29,S06_022,64640.03,826336
2025-07-29,S06_023,25916.13,761475
2025-07-29,S06_024,24463.45,1288817
2025-07-29,S06_025,74826.87,1171412
2025-07-29,S06_026,63312.6,313859
2025-07-29,S06_027,25762.08,168618
2025-07-29,S06_028,64570.56,599619
2025-07-29,S06_029,37435.61,365885
2025-07-29,S06_030,58850.15,193732
2025-07-30,S06_001,48537.02,538256
2025-07-30,S06_002,57190.1,80921
2025-07-30,S06_003,32274.73,388679
2025-07-30,S06_004,25457.33,106958
2025-07-30,S06_005,31630.88,871152
2025-07-30,S06_006,43454.54,189839
2025-07-30,S06_007,57473.32,580614
2025-07-30,S06_008,63461.74,761115
2025-07-30,S06_009,50125.5,808062
2025-07-30,S06_010,56793.34,647912
2025-07-30,S06_011,38001.05,455212
2025-07-30,S06_012,50509.52,371690
2025-07-30,S06_013,38803.01,344792
2025-07-30,S06_014,23559.85,622442
2025-07-30,S06_015,57380.51,477869
2025-07-30,S06_016,104105.38,461986
2025-07-30,S06_017,37603.74,315043
2025-07-30,S06_018,38499.9,192507
2025-07-30,S06_019,105231.27,241931
2025-07-30,S06_020,61444.62,367129
2025-07-30,S06_021,50901.21,489742
2025-07-30,S06_022,66330.27,558663
2025-07-30,S06_023,24913.15,757348
2025-07-30,S06_024,24458.59,635794
2025-07-30,S06_025,74744.76,500423
2025-07-30,S06_026,62783.91,289944
2025-07-30,S06_027,25698.61,253972
2025-07-30,S06_028,64077.72,428920
2025-07-30,S06_029,37414.36,385050
2025-07-30,S06_030,59378.45,347389
2025-07-31,S06_001,48891.44,561458
2025-07-31,S06_002,55893.93,172972
2025-07-31,S06_003,32863.11,353927
2025-07-31,S06_004,25520.39,86827
2025-07-31,S06_005,31736.54,611549
2025-07-31,S06_006,44496.27,326374
2025-07-31,S06_007,56781.27,1225946
2025-07-31,S06_008,62285.68,713018
2025-07-31,S06_009,49954.0,491619
2025-07-31,S06_010,56837.01,620948
2025-07-31,S06_011,37504.98,543942
2025-07-31,S06_012,50903.97,713381
2025-07-31,S06_013,38640.75,377231
2025-07-31,S06_014,23521.88,850303
2025-07-31,S06_015,56847.32,366159
2025-07-31,S06_016,104849.15,1040644
2025-07-31,S06_017,39570.62,317473
2025-07-31,S06_018,37472.62,99847
2025-07-31,S06_019,110330.61,214935
2025-07-31,S06_020,63376.83,417332
2025-07-31,S06_021,49069.63,339812
2025-07-31,S06_022,67909.32,363213
2025-07-31,S06_023,24146.91,778875
2025-07-31,S06_024,24248.34,1256846
2025-07-31,S06_025,74315.06,498979
2025-07-31,S06_026,63109.51,296127
2025-07-31,S06_027,25630.01,266785
2025-07-31,S06_028,64456.81,512440
2025-07-31,S06_029,37684.04,320380
2025-07-31,S06_030,59313.84,230794
2025-08-01,S06_001,49172.93,497346
2025-08-01,S06_002,55871.28,78462
2025-08-01,S06_003,32421.94,524244
2025-08-01,S06_004,25708.69,168689
2025-08-01,S06_005,31755.24,1097704
2025-08-01,S06_006,43180.45,225828
2025-08-01,S06_007,57395.99,976929
2025-08-01,S06_008,62115.37,459120
2025-08-01,S06_009,49712.95,519216
2025-08-01,S06_010,56964.69,1407572
2025-08-01,S06_011,37034.14,595600
2025-08-01,S06_012,50687.38,558535
2025-08-01,S06_013,38687.85,179147
2025-08-01,S06_014,23571.79,566421
2025-08-01,S06_015,56678.9,1016423
2025-08-01,S06_016,102772.21,899157
2025-08-01,S06_017,37850.0,226550
2025-08-01,S06_018,38856.38,96521
2025-08-01,S06_019,107897.3,161168
2025-08-01,S06_020,65775.07,273491
2025-08-01,S06_021,47855.49,564793
2025-08-01,S06_022,63306.56,497833
2025-08-01,S06_023,24062.83,371860
2025-08-01,S06_024,24411.37,911322
2025-08-01,S06_025,74050.83,513011
2025-08-01,S06_026,63293.22,399111
2025-08-01,S06_027,25436.71,288284
2025-08-01,S06_028,64101.45,566136
2025-08-01,S06_029,37761.65,487192
2025-08-01,S06_030,59460.08,133289
2025-08-04,S06_001,49414.18,561003
2025-08-04,S06_002,54939.14,72232
2025-08-04,S06_003,32645.12,220363
2025-08-04,S06_004,25344.55,150300
2025-08-04,S06_005,32688.64,830430
2025-08-04,S06_006,43873.19,171520
2025-08-04,S06_007,57994.68,963040
2025-08-04,S06_008,60910.44,363453
2025-08-04,S06_009,49940.16,655659
2025-08-04,S06_010,57060.07,537487
2025-08-04,S06_011,37730.6,366538
2025-08-04,S06_012,49917.11,697429
2025-08-04,S06_013,39548.55,389951
2025-08-04,S06_014,23582.2,533038
2025-08-04,S06_015,56198.86,242924
2025-08-04,S06_016,104697.29,1197223
2025-08-04,S06_017,36431.4,144211
2025-08-04,S06_018,38605.17,123164
2025-08-04,S06_019,112500.75,183571
2025-08-04,S06_020,62910.27,890262
2025-08-04,S06_021,48382.01,473897
2025-08-04,S06_022,60040.68,222856
2025-08-04,S06_023,23128.79,659833
2025-08-04,S06_024,24389.21,537802
2025-08-04,S06_025,74003.07,622430
2025-08-04,S06_026,63461.63,234413
2025-08-04,S06_027,25413.28,111664
2025-08-04,S06_028,64146.09,643677
2025-08-04,S06_029,37806.76,615697
2025-08-04,S06_030,59165.46,316435
2025-08-05,S06_001,48848.18,654309
2025-08-05,S06_002,55120.53,80123
2025-08-05,S06_003,32673.94,311732
2025-08-05,S06_004,25147.17,252969
2025-08-05,S06_005,32085.99,738948
2025-08-05,S06_006,43982.92,196167
2025-08-05,S06_007,57926.8,836374
2025-08-05,S06_008,60507.05,390280
2025-08-05,S06_009,51106.19,960993
2025-08-05,S06_010,54811.61,1253831
2025-08-05,S06_011,37258.37,412931
2025-08-05,S06_012,49383.54,443384
2025-08-05,S06_013,39029.83,446393
2025-08-05,S06_014,23519.46,679105
2025-08-05,S06_015,56601.31,400949
2025-08-05,S06_016,102944.47,535346
2025-08-05,S06_017,36956.06,329535
2025-08-05,S06_018,36031.38,131993
2025-08-05,S06_019,113404.37,224003
2025-08-05,S06_020,61907.78,359097
2025-08-05,S06_021,47955.3,476315
2025-08-05,S06_022,61941.43,294947
2025-08-05,S06_023,22866.53,728181
2025-08-05,S06_024,24417.48,562389
2025-08-05,S06_025,73535.37,764597
2025-08-05,S06_026,63261.84,412842
2025-08-05,S06_027,25377.95,156259
2025-08-05,S06_028,64235.39,996943
2025-08-05,S06_029,38009.36,516598
2025-08-05,S06_030,59025.41,191269
2025-08-06,S06_001,48447.37,535817
2025-08-06,S06_002,55452.02,95444
2025-08-06,S06_003,32460.6,271761
2025-08-06,S06_004,25261.57,171750
2025-08-06,S06_005,31422.71,1024459
2025-08-06,S06_006,44267.22,250293
2025-08-06,S06_007,58327.28,610591
2025-08-06,S06_008,60668.12,410420
2025-08-06,S06_009,51487.42,681081
2025-08-06,S06_010,54885.32,941726
2025-08-06,S06_011,37493.31,441567
2025-08-06,S06_012,48600.32,842751
2025-08-06,S06_013,38971.47,400096
2025-08-06,S06_014,23056.37,516716
2025-08-06,S06_015,57992.07,1049113
2025-08-06,S06_016,101405.71,803698
2025-08-06,S06_017,36238.17,290097
2025-08-06,S06_018,34289.44,109151
2025-08-06,S06_019,112557.18,190125
2025-08-06,S06_020,61984.03,293259
2025-08-06,S06_021,46997.77,399976
2025-08-06,S06_022,61911.03,243075
2025-08-06,S06_023,21669.78,559861
2025-08-06,S06_024,24255.74,533987
2025-08-06,S06_025,73582.55,629993
2025-08-06,S06_026,63334.38,354480
2025-08-06,S06_027,25331.83,195990
2025-08-06,S06_028,64011.1,988310
2025-08-06,S06_029,38103.75,279177
2025-08-06,S06_030,59031.34,148753
2025-08-07,S06_001,49191.28,860779
2025-08-07,S06_002,55427.53,78482
2025-08-07,S06_003,32473.74,329013
2025-08-07,S06_004,25176.49,123465
2025-08-07,S06_005,31116.81,575107
2025-08-07,S06_006,44522.32,202952
2025-08-07,S06_007,59214.55,527979
2025-08-07,S06_008,59759.99,321615
2025-08-07,S06_009,51790.61,703490
2025-08-07,S06_010,53659.45,2051838
2025-08-07,S06_011,37043.28,616887
2025-08-07,S06_012,48308.37,558828
2025-08-07,S06_013,38793.21,298199
2025-08-07,S06_014,23055.02,940481
2025-08-07,S06_015,56348.14,504867
2025-08-07,S06_016,99952.81,780111
2025-08-07,S06_017,37807.31,397091
2025-08-07,S06_018,35683.58,194641
2025-08-07,S06_019,110599.01,116156
2025-08-07,S06_020,58273.91,606128
2025-08-07,S06_021,46656.42,559231
2025-08-07,S06_022,64310.36,394181
2025-08-07,S06_023,21255.55,699050
2025-08-07,S06_024,24175.69,843939
2025-08-07,S06_025,74008.46,719121
2025-08-07,S06_026,62845.75,401715
2025-08-07,S06_027,25440.3,145463
2025-08-07,S06_028,63951.48,651075
2025-08-07,S06_029,37742.23,671762
2025-08-07,S06_030,58564.17,282459
2025-08-08,S06_001,50321.21,1474092
2025-08-08,S06_002,55271.73,67051
2025-08-08,S06_003,32684.28,441326
2025-08-08,S06_004,25056.59,210752
2025-08-08,S06_005,31133.32,617438
2025-08-08,S06_006,45045.37,405113
2025-08-08,S06_007,60232.65,938095
2025-08-08,S06_008,60059.67,459388
2025-08-08,S06_009,52299.37,688380
2025-08-08,S06_010,53193.41,1240758
2025-08-08,S06_011,36926.64,290263
2025-08-08,S06_012,48208.85,573116
2025-08-08,S06_013,38969.95,267725
2025-08-08,S06_014,23269.13,366711
2025-08-08,S06_015,55816.33,447938
2025-08-08,S06_016,93445.08,601830
2025-08-08,S06_017,38781.75,120076
2025-08-08,S06_018,36440.53,171243
2025-08-08,S06_019,109674.21,168308
2025-08-08,S06_020,57790.79,194902
2025-08-08,S06_021,45714.08,442622
2025-08-08,S06_022,68695.6,751757
2025-08-08,S06_023,20198.11,684497
2025-08-08,S06_024,24135.18,876727
2025-08-08,S06_025,74495.82,415318
2025-08-08,S06_026,62982.07,340360
2025-08-08,S06_027,25635.1,146956
2025-08-08,S06_028,64361.53,245619
2025-08-08,S06_029,37969.41,464822
2025-08-08,S06_030,58261.15,471726
2025-08-11,S06_001,50384.41,571442
2025-08-11,S06_002,54878.8,87629
2025-08-11,S06_003,32145.37,212315
2025-08-11,S06_004,24765.59,81904
2025-08-11,S06_005,31008.3,504995
2025-08-11,S06_006,44756.91,283036
2025-08-11,S06_007,60726.52,698380
2025-08-11,S06_008,59153.97,507293
2025-08-11,S06_009,53255.31,676803
2025-08-11,S06_010,53700.33,511464
2025-08-11,S06_011,37053.9,721934
2025-08-11,S06_012,48418.68,481292
2025-08-11,S06_013,38879.35,359589
2025-08-11,S06_014,22822.63,456520
2025-08-11,S06_015,55840.74,230140
2025-08-11,S06_016,92553.74,497777
2025-08-11,S06_017,39442.7,317668
2025-08-11,S06_018,35736.16,155619
2025-08-11,S06_019,109101.07,277349
2025-08-11,S06_020,54927.96,663513
2025-08-11,S06_021,45220.61,295885
2025-08-11,S06_022,71709.72,396036
2025-08-11,S06_023,20552.02,547397
2025-08-11,S06_024,23925.24,872697
2025-08-11,S06_025,74479.4,507934
2025-08-11,S06_026,62939.95,423573
2025-08-11,S06_027,25512.06,292169
2025-08-11,S06_028,63885.33,409642
2025-08-11,S06_029,37821.21,327783
2025-08-11,S06_030,58121.47,224689
2025-08-12,S06_001,50635.12,302378
2025-08-12,S06_002,55015.53,127609
2025-08-12,S06_003,32263.98,300420
2025-08-12,S06_004,25197.37,167894
2025-08-12,S06_005,30509.05,753504
2025-08-12,S06_006,43989.1,209927
2025-08-12,S06_007,60349.15,705590
2025-08-12,S06_008,58550.05,491422
2025-08-12,S06_009,55276.66,805130
2025-08-12,S06_010,54001.04,557841
2025-08-12,S06_011,37064.78,865971
2025-08-12,S06_012,47192.21,388908
2025-08-12,S06_013,38390.88,295060
2025-08-12,S06_014,22849.6,819672
2025-08-12,S06_015,55620.39,348912
2025-08-12,S06_016,93880.62,921715
2025-08-12,S06_017,38045.77,344436
2025-08-12,S06_018,35959.34,77326
2025-08-12,S06_019,104035.91,172235
2025-08-12,S06_020,54508.63,217775
2025-08-12,S06_021,42974.85,875038
2025-08-12,S06_022,70464.88,257767
2025-08-12,S06_023,20648.88,802829
2025-08-12,S06_024,23951.78,592276
2025-08-12,S06_025,74632.19,750766
2025-08-12,S06_026,63098.08,254098
2025-08-12,S06_027,25647.83,384753
2025-08-12,S06_028,64167.73,388036
2025-08-12,S06_029,37849.31,396166
2025-08-12,S06_030,58235.03,202989
2025-08-13,S06_001,52014.26,647772
2025-08-13,S06_002,54294.32,60328
2025-08-13,S06_003,32325.15,247319
2025-08-13,S06_004,25240.47,156986
2025-08-13,S06_005,31238.85,750761
2025-08-13,S06_006,43673.14,282804
2025-08-13,S06_007,59516.43,1127029
2025-08-13,S06_008,57878.71,266674
2025-08-13,S06_009,55481.85,748033
2025-08-13,S06_010,54984.51,722333
2025-08-13,S06_011,36619.2,431064
2025-08-13,S06_012,47187.11,546550
2025-08-13,S06_013,38404.0,433854
2025-08-13,S06_014,22953.31,1000482
2025-08-13,S06_015,54148.13,464523
2025-08-13,S06_016,99377.1,2546488
2025-08-13,S06_017,39073.64,289007
2025-08-13,S06_018,37048.41,35523
2025-08-13,S06_019,103264.87,177465
2025-08-13,S06_020,53316.18,232175
2025-08-13,S06_021,44991.16,613753
2025-08-13,S06_022,69430.83,325157
2025-08-13,S06_023,19835.96,536282
2025-08-13,S06_024,24064.76,575067
2025-08-13,S06_025,74907.68,524040
2025-08-13,S06_026,62739.1,146189
2025-08-13,S06_027,25593.58,127687
2025-08-13,S06_028,64165.96,886515
2025-08-13,S06_029,37708.88,654706
2025-08-13,S06_030,58219.57,124792
2025-08-14,S06_001,51820.43,604494
2025-08-14,S06_002,53780.08,96844
2025-08-14,S06_003,32695.65,468654
2025-08-14,S06_004,25551.45,193133
2025-08-14,S06_005,31465.04,786737
2025-08-14,S06_006,43293.06,198188
2025-08-14,S06_007,59140.0,805213
2025-08-14,S06_008,58378.14,372390
2025-08-14,S06_009,55668.98,639762
2025-08-14,S06_010,55208.03,849934
2025-08-14,S06_011,37002.05,559863
2025-08-14,S06_012,46158.35,750534
2025-08-14,S06_013,39213.28,708116
2025-08-14,S06_014,22601.65,1208474
2025-08-14,S06_015,54919.59,209986
2025-08-14,S06_016,104641.93,1608515
2025-08-14,S06_017,39844.76,235684
2025-08-14,S06_018,35864.51,83606
2025-08-14,S06_019,103385.8,118835
2025-08-14,S06_020,53617.85,332438
2025-08-14,S06_021,44580.01,663131
2025-08-14,S06_022,69164.1,311474
2025-08-14,S06_023,18957.62,709867
2025-08-14,S06_024,24055.95,892275
2025-08-14,S06_025,75760.06,375089
2025-08-14,S06_026,62531.89,426928
2025-08-14,S06_027,25580.96,128935
2025-08-14,S06_028,63936.09,418741
2025-08-14,S06_029,37774.41,421373
2025-08-14,S06_030,58382.46,139919
2025-08-15,S06_001,51995.8,801498
2025-08-15,S06_002,54125.57,62408
2025-08-15,S06_003,32919.73,515527
2025-08-15,S06_004,24903.34,148801
2025-08-15,S06_005,31362.96,1027017
2025-08-15,S06_006,43336.84,196213
2025-08-15,S06_007,59926.64,1111308
2025-08-15,S06_008,58589.33,499930
2025-08-15,S06_009,55925.45,541427
2025-08-15,S06_010,54592.57,488165
2025-08-15,S06_011,37017.05,723826
2025-08-15,S06_012,45816.3,528070
2025-08-15,S06_013,39124.05,197864
2025-08-15,S06_014,22399.17,503838
2025-08-15,S06_015,54915.58,518328
2025-08-15,S06_016,104691.58,421821
2025-08-15,S06_017,39754.83,165425
2025-08-15,S06_018,36393.58,88163
2025-08-15,S06_019,99049.78,183128
2025-08-15,S06_020,52855.56,281776
2025-08-15,S06_021,43650.26,627854
2025-08-15,S06_022,70515.55,359629
2025-08-15,S06_023,18588.55,421535
2025-08-15,S06_024,24058.41,1000932
2025-08-15,S06_025,75758.29,802058
2025-08-15,S06_026,62432.03,219516
2025-08-15,S06_027,25527.0,119168
2025-08-15,S06_028,64026.39,324220
2025-08-15,S06_029,37641.77,356396
2025-08-15,S06_030,58160.29,108665
2025-08-18,S06_001,51656.44,504760
2025-08-18,S06_002,53970.55,61339
2025-08-18,S06_003,33631.3,230261
2025-08-18,S06_004,25198.64,155596
2025-08-18,S06_005,31040.49,962450
2025-08-18,S06_006,43364.54,207521
2025-08-18,S06_007,60419.18,698540
2025-08-18,S06_008,58322.42,471248
2025-08-18,S06_009,56203.31,1266115
2025-08-18,S06_010,53615.61,1017678
2025-08-18,S06_011,36162.52,586956
2025-08-18,S06_012,45977.69,399108
2025-08-18,S06_013,39922.32,367503
2025-08-18,S06_014,22128.23,597347
2025-08-18,S06_015,55353.5,286546
2025-08-18,S06_016,104648.97,819466
2025-08-18,S06_017,37816.34,325360
2025-08-18,S06_018,35293.68,78267
2025-08-18,S06_019,97457.27,168537
2025-08-18,S06_020,53400.11,423421
2025-08-18,S06_021,43244.27,576694
2025-08-18,S06_022,73458.83,421367
2025-08-18,S06_023,18376.62,592073
2025-08-18,S06_024,24030.76,812758
2025-08-18,S06_025,75453.22,410747
2025-08-18,S06_026,62447.32,358767
2025-08-18,S06_027,25452.82,156266
2025-08-18,S06_028,63898.54,1075202
2025-08-18,S06_029,37662.15,403998
2025-08-18,S06_030,58468.02,164780
2025-08-19,S06_001,50428.1,566370
2025-08-19,S06_002,53740.17,51524
2025-08-19,S06_003,34138.57,394048
2025-08-19,S06_004,24871.29,138782
2025-08-19,S06_005,30963.24,761605
2025-08-19,S06_006,43133.5,182661
2025-08-19,S06_007,59201.77,838273
2025-08-19,S06_008,56896.11,394179
2025-08-19,S06_009,55688.16,354420
2025-08-19,S06_010,54393.31,966732
2025-08-19,S06_011,36549.65,506898
2025-08-19,S06_012,45752.92,480304
2025-08-19,S06_013,39809.27,284373
2025-08-19,S06_014,22117.95,631695
2025-08-19,S06_015,55650.95,596796
2025-08-19,S06_016,102249.36,703822
2025-08-19,S06_017,39771.91,237591
2025-08-19,S06_018,35775.02,78876
2025-08-19,S06_019,96046.51,216813
2025-08-19,S06_020,52062.13,315889
2025-08-19,S06_021,41934.59,1077745
2025-08-19,S06_022,69281.9,551919
2025-08-19,S06_023,18847.44,392524
2025-08-19,S06_024,23939.97,610922
2025-08-19,S06_025,75324.35,517479
2025-08-19,S06_026,62527.15,234200
2025-08-19,S06_027,25599.59,310970
2025-08-19,S06_028,63924.52,505772
2025-08-19,S06_029,37817.27,273094
2025-08-19,S06_030,58629.25,166999
2025-08-20,S06_001,50140.46,500675
2025-08-20,S06_002,54431.38,94423
2025-08-20,S06_003,34103.54,885173
2025-08-20,S06_004,24803.42,181903
2025-08-20,S06_005,30797.91,1138302
2025-08-20,S06_006,42811.86,314786
2025-08-20,S06_007,57911.5,903696
2025-08-20,S06_008,56913.75,349593
2025-08-20,S06_009,55757.7,759049
2025-08-20,S06_010,53574.9,770648
2025-08-20,S06_011,36540.9,700257
2025-08-20,S06_012,44458.93,764759
2025-08-20,S06_013,40371.17,162670
2025-08-20,S06_014,21781.99,726881
2025-08-20,S06_015,55333.47,211664
2025-08-20,S06_016,104937.93,1126395
2025-08-20,S06_017,38247.8,323124
2025-08-20,S06_018,37053.79,137829
2025-08-20,S06_019,91747.51,177708
2025-08-20,S06_020,46356.9,727122
2025-08-20,S06_021,43520.93,686226
2025-08-20,S06_022,69563.03,247230
2025-08-20,S06_023,17951.08,889754
2025-08-20,S06_024,23936.11,674797
2025-08-20,S06_025,75050.3,557315
2025-08-20,S06_026,62911.0,469038
2025-08-20,S06_027,25525.59,138069
2025-08-20,S06_028,64123.34,629792
2025-08-20,S06_029,37645.79,329328
2025-08-20,S06_030,58535.21,163104
2025-08-21,S06_001,50437.14,415566
2025-08-21,S06_002,54474.76,48735
2025-08-21,S06_003,34739.65,354707
2025-08-21,S06_004,24873.86,196895
2025-08-21,S06_005,30963.18,606093
2025-08-21,S06_006,43195.24,311571
2025-08-21,S06_007,56233.56,543344
2025-08-21,S06_008,56164.38,338224
2025-08-21,S06_009,55239.05,510147
2025-08-21,S06_010,52703.61,1317816
2025-08-21,S06_011,36420.75,802184
2025-08-21,S06_012,44101.81,738148
2025-08-21,S06_013,40010.14,347649
2025-08-21,S06_014,21287.05,935216
2025-08-21,S06_015,54310.75,526098
2025-08-21,S06_016,100552.87,1030259
2025-08-21,S06_017,36347.01,233464
2025-08-21,S06_018,38552.56,72772
2025-08-21,S06_019,95568.47,344782
2025-08-21,S06_020,45847.79,407242
2025-08-21,S06_021,41428.89,363332
2025-08-21,S06_022,71775.89,660876
2025-08-21,S06_023,18532.75,1118940
2025-08-21,S06_024,23940.16,985672
2025-08-21,S06_025,75144.53,298691
2025-08-21,S06_026,62809.04,266315
2025-08-21,S06_027,25685.87,188926
2025-08-21,S06_028,64345.11,667115
2025-08-21,S06_029,37514.55,526091
2025-08-21,S06_030,58408.73,197713
2025-08-22,S06_001,49559.15,380102
2025-08-22,S06_002,54237.97,93142
2025-08-22,S06_003,34881.93,297996
2025-08-22,S06_004,25485.57,133931
2025-08-22,S06_005,30506.41,931935
2025-08-22,S06_006,42683.51,161769
2025-08-22,S06_007,56633.21,664699
2025-08-22,S06_008,55379.53,473123
2025-08-22,S06_009,55967.53,356481
2025-08-22,S06_010,52684.12,979269
2025-08-22,S06_011,36499.26,438691
2025-08-22,S06_012,44921.52,821598
2025-08-22,S06_013,40207.1,283804
2025-08-22,S06_014,21387.13,678786
2025-08-22,S06_015,54267.05,521899
2025-08-22,S06_016,97582.57,751350
2025-08-22,S06_017,36941.09,206351
2025-08-22,S06_018,38239.21,64464
2025-08-22,S06_019,95592.78,115912
2025-08-22,S06_020,43582.51,465643
2025-08-22,S06_021,41535.87,306805
2025-08-22,S06_022,74945.49,331435
2025-08-22,S06_023,18225.09,658123
2025-08-22,S06_024,23988.36,624976
2025-08-22,S06_025,75360.92,389848
2025-08-22,S06_026,62638.08,267316
2025-08-22,S06_027,25760.16,386720
2025-08-22,S06_028,64218.6,745973
2025-08-22,S06_029,37302.59,412585
2025-08-22,S06_030,58280.9,211401
2025-08-25,S06_001,49926.53,659877
2025-08-25,S06_002,54751.65,88000
2025-08-25,S06_003,35390.55,369615
2025-08-25,S06_004,26061.62,222068
2025-08-25,S06_005,30243.3,1028910
2025-08-25,S06_006,43111.06,386289
2025-08-25,S06_007,56477.77,1306671
2025-08-25,S06_008,55854.28,218562
2025-08-25,S06_009,58326.33,371021
2025-08-25,S06_010,53447.08,1314351
2025-08-25,S06_011,35666.58,494020
2025-08-25,S06_012,45440.3,798346
2025-08-25,S06_013,40747.63,413084
2025-08-25,S06_014,21661.11,1452297
2025-08-25,S06_015,53220.61,300182
2025-08-25,S06_016,92716.38,1361708
2025-08-25,S06_017,38244.61,189571
2025-08-25,S06_018,39154.64,87108
2025-08-25,S06_019,90291.63,247110
2025-08-25,S06_020,44957.38,376973
2025-08-25,S06_021,43843.23,529062
2025-08-25,S06_022,78238.12,500678
2025-08-25,S06_023,17899.09,759453
2025-08-25,S06_024,23897.32,982689
2025-08-25,S06_025,75349.01,457612
2025-08-25,S06_026,62977.68,452038
2025-08-25,S06_027,25828.89,197506
2025-08-25,S06_028,64420.11,350387
2025-08-25,S06_029,37565.42,388966
2025-08-25,S06_030,58049.3,152054
2025-08-26,S06_001,49225.68,415347
2025-08-26,S06_002,54236.72,106916
2025-08-26,S06_003,35420.93,398395
2025-08-26,S06_004,26054.79,101794
2025-08-26,S06_005,30576.99,1443185
2025-08-26,S06_006,43122.07,243353
2025-08-26,S06_007,56316.89,670643
2025-08-26,S06_008,55343.83,274275
2025-08-26,S06_009,58575.66,543331
2025-08-26,S06_010,53431.54,1915388
2025-08-26,S06_011,35249.45,656064
2025-08-26,S06_012,46817.48,455577
2025-08-26,S06_013,41135.74,412078
2025-08-26,S06_014,21554.25,849272
2025-08-26,S06_015,53859.64,542836
2025-08-26,S06_016,92373.21,803478
2025-08-26,S06_017,37287.46,234628
2025-08-26,S06_018,39747.27,92477
2025-08-26,S06_019,92201.15,112927
2025-08-26,S06_020,43051.72,348605
2025-08-26,S06_021,42662.74,308140
2025-08-26,S06_022,73789.15,331153
2025-08-26,S06_023,17133.71,636888
2025-08-26,S06_024,23888.41,720719
2025-08-26,S06_025,75081.66,745190
2025-08-26,S06_026,62808.14,412418
2025-08-26,S06_027,25755.21,237355
2025-08-26,S06_028,64954.25,400841
2025-08-26,S06_029,37547.94,415913
2025-08-26,S06_030,57915.96,207395
2025-08-27,S06_001,48929.58,574915
2025-08-27,S06_002,52269.46,53624
2025-08-27,S06_003,35643.42,484656
2025-08-27,S06_004,26202.06,144474
2025-08-27,S06_005,30378.26,787115
2025-08-27,S06_006,42870.92,106265
2025-08-27,S06_007,56367.29,868863
2025-08-27,S06_008,55447.67,296466
2025-08-27,S06_009,59243.33,1191081
2025-08-27,S06_010,53150.11,619102
2025-08-27,S06_011,35288.35,425412
2025-08-27,S06_012,46769.52,616839
2025-08-27,S06_013,42040.06,350928
2025-08-27,S06_014,20991.76,1000690
2025-08-27,S06_015,54585.35,392646
2025-08-27,S06_016,92992.22,872809
2025-08-27,S06_017,36097.04,249237
2025-08-27,S06_018,38952.29,180516
2025-08-27,S06_019,89997.1,196466
2025-08-27,S06_020,44556.72,357373
2025-08-27,S06_021,39659.71,416606
2025-08-27,S06_022,69527.2,337794
2025-08-27,S06_023,16927.73,566921
2025-08-27,S06_024,23826.99,756183
2025-08-27,S06_025,74860.61,590288
2025-08-27,S06_026,62972.9,428613
2025-08-27,S06_027,26007.12,151582
2025-08-27,S06_028,64615.87,981729
2025-08-27,S06_029,37526.62,537772
2025-08-27,S06_030,57887.63,261777
2025-08-28,S06_001,48882.62,761585
2025-08-28,S06_002,53205.96,55514
2025-08-28,S06_003,34954.95,557418
2025-08-28,S06_004,26028.9,212025
2025-08-28,S06_005,30631.75,668136
2025-08-28,S06_006,42396.12,237475
2025-08-28,S06_007,56161.77,657979
2025-08-28,S06_008,54904.3,453627
2025-08-28,S06_009,60207.86,1145442
2025-08-28,S06_010,52571.66,1028970
2025-08-28,S06_011,34791.14,408330
2025-08-28,S06_012,46242.85,614088
2025-08-28,S06_013,43541.69,488949
2025-08-28,S06_014,20653.6,473139
2025-08-28,S06_015,54771.74,270433
2025-08-28,S06_016,89431.23,972275
2025-08-28,S06_017,36491.9,328057
2025-08-28,S06_018,37224.68,96049
2025-08-28,S06_019,85990.98,301928
2025-08-28,S06_020,45382.04,351604
2025-08-28,S06_021,39447.77,667947
2025-08-28,S06_022,70669.23,542791
2025-08-28,S06_023,16211.81,977970
2025-08-28,S06_024,23786.42,1158538
2025-08-28,S06_025,75127.99,1307966
2025-08-28,S06_026,62704.0,245522
2025-08-28,S06_027,26021.53,156513
2025-08-28,S06_028,64381.91,423468
2025-08-28,S06_029,37395.62,1025789
2025-08-28,S06_030,57935.84,298236
2025-08-29,S06_001,48410.59,481243
2025-08-29,S06_002,52525.96,82355
2025-08-29,S06_003,35100.93,217175
2025-08-29,S06_004,26057.04,130370
2025-08-29,S06_005,30628.07,721672
2025-08-29,S06_006,43149.76,283312
2025-08-29,S06_007,55876.17,667732
2025-08-29,S06_008,55555.51,618175
2025-08-29,S06_009,59402.4,510871
2025-08-29,S06_010,52770.36,683855
2025-08-29,S06_011,35066.28,450994
2025-08-29,S06_012,45913.58,499730
2025-08-29,S06_013,42644.69,217778
2025-08-29,S06_014,20496.66,807213
2025-08-29,S06_015,54538.61,276044
2025-08-29,S06_016,86572.26,942081
2025-08-29,S06_017,38908.77,307271
2025-08-29,S06_018,38841.84,175681
2025-08-29,S06_019,85693.64,184163
2025-08-29,S06_020,45561.65,413675
2025-08-29,S06_021,39155.08,580641
2025-08-29,S06_022,74968.49,620898
2025-08-29,S06_023,16227.04,485120
2025-08-29,S06_024,23810.68,817020
2025-08-29,S06_025,74938.6,1031069
2025-08-29,S06_026,62493.48,240219
2025-08-29,S06_027,25937.48,213945
2025-08-29,S06_028,63971.27,582425
2025-08-29,S06_029,37309.78,161817
2025-08-29,S06_030,58137.35,253137
2025-09-01,S06_001,48495.51,900645
2025-09-01,S06_002,53657.39,98732
2025-09-01,S06_003,35412.2,458766
2025-09-01,S06_004,26065.84,128996
2025-09-01,S06_005,30553.01,745784
2025-09-01,S06_006,42295.07,185114
2025-09-01,S06_007,56927.56,996661
2025-09-01,S06_008,55975.71,420384
2025-09-01,S06_009,60021.13,494525
2025-09-01,S06_010,51493.74,1192652
2025-09-01,S06_011,34446.84,418397
2025-09-01,S06_012,45922.46,294821
2025-09-01,S06_013,41951.02,313296
2025-09-01,S06_014,20524.98,838471
2025-09-01,S06_015,55183.08,396393
2025-09-01,S06_016,88264.03,900331
2025-09-01,S06_017,41246.6,113312
2025-09-01,S06_018,38759.49,85752
2025-09-01,S06_019,90898.31,153970
2025-09-01,S06_020,47418.2,416292
2025-09-01,S06_021,38940.5,568562
2025-09-01,S06_022,75638.61,532813
2025-09-01,S06_023,16828.45,595359
2025-09-01,S06_024,23582.29,660232
2025-09-01,S06_025,75724.02,530523
2025-09-01,S06_026,62903.55,431704
2025-09-01,S06_027,25919.52,241709
2025-09-01,S06_028,64434.91,1102713
2025-09-01,S06_029,37014.01,432297
2025-09-01,S06_030,58180.36,334300
2025-09-02,S06_001,48496.8,479275
2025-09-02,S06_002,53370.46,124044
2025-09-02,S06_003,35729.64,305530
2025-09-02,S06_004,26182.38,165951
2025-09-02,S06_005,30317.4,605544
2025-09-02,S06_006,42554.82,471152
2025-09-02,S06_007,57573.6,597402
2025-09-02,S06_008,56722.24,261139
2025-09-02,S06_009,60360.2,512942
2025-09-02,S06_010,50488.5,802548
2025-09-02,S06_011,34333.32,346855
2025-09-02,S06_012,45655.74,484239
2025-09-02,S06_013,41114.62,481753
2025-09-02,S06_014,20297.4,836485
2025-09-02,S06_015,55979.27,440378
2025-09-02,S06_016,87530.17,1256271
2025-09-02,S06_017,42554.48,561125
2025-09-02,S06_018,38404.67,107631
2025-09-02,S06_019,90797.24,316774
2025-09-02,S06_020,43518.0,392121
2025-09-02,S06_021,38075.83,389565
2025-09-02,S06_022,75563.79,479151
2025-09-02,S06_023,18075.1,491803
2025-09-02,S06_024,23675.2,514582
2025-09-02,S06_025,75390.6,586394
2025-09-02,S06_026,63118.86,309421
2025-09-02,S06_027,25899.97,104611
2025-09-02,S06_028,64427.74,1007545
2025-09-02,S06_029,37117.99,381209
2025-09-02,S06_030,57844.91,135130
2025-09-03,S06_001,48605.13,374853
2025-09-03,S06_002,52247.58,93826
2025-09-03,S06_003,35061.2,312219
2025-09-03,S06_004,26022.3,57601
2025-09-03,S06_005,30364.68,729895
2025-09-03,S06_006,42524.71,152836
2025-09-03,S06_007,58314.98,1158370
2025-09-03,S06_008,57604.59,364298
2025-09-03,S06_009,59197.95,683124
2025-09-03,S06_010,49904.65,772866
2025-09-03,S06_011,34906.71,986646
2025-09-03,S06_012,45987.86,1000236
2025-09-03,S06_013,42100.38,442818
2025-09-03,S06_014,20336.96,330093
2025-09-03,S06_015,56309.93,496881
2025-09-03,S06_016,84762.21,1258467
2025-09-03,S06_017,42987.76,177796
2025-09-03,S06_018,39046.03,129605
2025-09-03,S06_019,88879.17,260868
2025-09-03,S06_020,43284.71,407279
2025-09-03,S06_021,38369.26,328010
2025-09-03,S06_022,72535.6,225372
2025-09-03,S06_023,18017.69,460651
2025-09-03,S06_024,23698.16,423348
2025-09-03,S06_025,75040.96,406817
2025-09-03,S06_026,63238.97,226602
2025-09-03,S06_027,25899.38,185995
2025-09-03,S06_028,64364.15,703660
2025-09-03,S06_029,36987.04,650242
2025-09-03,S06_030,57803.34,80117
2025-09-04,S06_001,49540.28,603155
2025-09-04,S06_002,51735.8,70390
2025-09-04,S06_003,34962.37,273491
2025-09-04,S06_004,26191.96,125081
2025-09-04,S06_005,30311.52,1303676
2025-09-04,S06_006,42429.3,249453
2025-09-04,S06_007,59498.35,1187421
2025-09-04,S06_008,56652.01,288829
2025-09-04,S06_009,59066.37,1080141
2025-09-04,S06_010,49345.85,615081
2025-09-04,S06_011,34472.81,367562
2025-09-04,S06_012,46224.95,617357
2025-09-04,S06_013,41710.25,289212
2025-09-04,S06_014,20086.22,481561
2025-09-04,S06_015,57169.54,405073
2025-09-04,S06_016,82995.07,1297728
2025-09-04,S06_017,42663.2,122642
2025-09-04,S06_018,41913.94,285070
2025-09-04,S06_019,90983.26,168138
2025-09-04,S06_020,43166.89,267695
2025-09-04,S06_021,39441.06,454390
2025-09-04,S06_022,70795.56,470633
2025-09-04,S06_023,18149.34,554274
2025-09-04,S06_024,23822.15,854467
2025-09-04,S06_025,74720.38,427441
2025-09-04,S06_026,63530.05,360387
2025-09-04,S06_027,25935.96,150999
2025-09-04,S06_028,64509.14,491616
2025-09-04,S06_029,37003.06,400243
2025-09-04,S06_030,57966.24,258711
2025-09-05,S06_001,49123.78,723060
2025-09-05,S06_002,52037.63,130770
2025-09-05,S06_003,34687.69,394679
2025-09-05,S06_004,26323.05,137378
2025-09-05,S06_005,29470.65,492482
2025-09-05,S06_006,41816.36,178933
2025-09-05,S06_007,60388.92,1099940
2025-09-05,S06_008,58083.28,380828
2025-09-05,S06_009,57084.31,951082
2025-09-05,S06_010,48908.53,1017111
2025-09-05,S06_011,34436.46,532686
2025-09-05,S06_012,45282.29,570600
2025-09-05,S06_013,41464.72,344865
2025-09-05,S06_014,20371.37,489195
2025-09-05,S06_015,58070.98,530915
2025-09-05,S06_016,84985.16,458140
2025-09-05,S06_017,42287.04,305728
2025-09-05,S06_018,39012.83,97582
2025-09-05,S06_019,88560.4,197877
2025-09-05,S06_020,42482.99,551215
2025-09-05,S06_021,38629.95,663942
2025-09-05,S06_022,68584.38,432648
2025-09-05,S06_023,18278.55,394509
2025-09-05,S06_024,23581.56,832147
2025-09-05,S06_025,75082.3,412197
2025-09-05,S06_026,63585.79,754160
2025-09-05,S06_027,25918.9,99396
2025-09-05,S06_028,64744.8,675854
2025-09-05,S06_029,37074.35,360594
2025-09-05,S06_030,58417.86,374616
2025-09-08,S06_001,49474.05,834229
2025-09-08,S06_002,53091.09,80120
2025-09-08,S06_003,34726.69,248689
2025-09-08,S06_004,26001.96,152188
2025-09-08,S06_005,29890.45,354705
2025-09-08,S06_006,41469.23,174699
2025-09-08,S06_007,59757.36,437015
2025-09-08,S06_008,56457.7,310165
2025-09-08,S06_009,55805.87,807095
2025-09-08,S06_010,49463.34,1531471
2025-09-08,S06_011,33987.42,306080
2025-09-08,S06_012,45710.3,425017
2025-09-08,S06_013,41689.43,228498
2025-09-08,S06_014,19949.92,617964
2025-09-08,S06_015,59126.5,461542
2025-09-08,S06_016,86691.62,1009696
2025-09-08,S06_017,41837.66,287541
2025-09-08,S06_018,41560.54,142991
2025-09-08,S06_019,93294.38,233970
2025-09-08,S06_020,42451.75,367555
2025-09-08,S06_021,38874.54,413166
2025-09-08,S06_022,67961.69,252175
2025-09-08,S06_023,19388.24,873786
2025-09-08,S06_024,23659.41,1388173
2025-09-08,S06_025,74968.37,301947
2025-09-08,S06_026,63482.72,294450
2025-09-08,S06_027,25816.3,148325
2025-09-08,S06_028,64788.04,417876
2025-09-08,S06_029,37447.4,406934
2025-09-08,S06_030,58398.16,129431
2025-09-09,S06_001,49100.28,728136
2025-09-09,S06_002,53738.12,57195
2025-09-09,S06_003,33897.84,534827
2025-09-09,S06_004,25983.73,162604
2025-09-09,S06_005,30029.73,449078
2025-09-09,S06_006,42681.21,255087
2025-09-09,S06_007,60270.78,875981
2025-09-09,S06_008,56129.02,324233
2025-09-09,S06_009,54871.64,684064
2025-09-09,S06_010,50247.02,636201
2025-09-09,S06_011,33271.06,1004933
2025-09-09,S06_012,45722.25,660252
2025-09-09,S06_013,41608.35,484535
2025-09-09,S06_014,19869.5,532416
2025-09-09,S06_015,60027.02,424966
2025-09-09,S06_016,86289.57,560576
2025-09-09,S06_017,42083.04,188183
2025-09-09,S06_018,41326.44,114293
2025-09-09,S06_019,92999.1,98693
2025-09-09,S06_020,42082.54,515059
2025-09-09,S06_021,37901.1,633141
2025-09-09,S06_022,66492.94,303766
2025-09-09,S06_023,19384.99,699547
2025-09-09,S06_024,23552.92,936264
2025-09-09,S06_025,74824.04,380335
2025-09-09,S06_026,63352.54,256349
2025-09-09,S06_027,25695.28,200164
2025-09-09,S06_028,65153.87,767013
2025-09-09,S06_029,37253.84,692605
2025-09-09,S06_030,58380.08,196061
2025-09-10,S06_001,49177.04,1104353
2025-09-10,S06_002,54470.0,105658
2025-09-10,S06_003,33656.77,292121
2025-09-10,S06_004,25834.14,154895
2025-09-10,S06_005,29539.25,587692
2025-09-10,S06_006,43284.73,171164
2025-09-10,S06_007,59051.29,1738237
2025-09-10,S06_008,55902.12,274856
2025-09-10,S06_009,53823.74,339242
2025-09-10,S06_010,49586.95,450164
2025-09-10,S06_011,33497.16,555292
2025-09-10,S06_012,46584.39,1035757
2025-09-10,S06_013,41743.99,400677
2025-09-10,S06_014,19696.98,1686783
2025-09-10,S06_015,57904.13,310716
2025-09-10,S06_016,83221.03,1019330
2025-09-10,S06_017,41418.03,149567
2025-09-10,S06_018,41416.93,56610
2025-09-10,S06_019,95106.39,146547
2025-09-10,S06_020,40094.93,405994
2025-09-10,S06_021,40675.04,1090019
2025-09-10,S06_022,67830.6,270921
2025-09-10,S06_023,18803.29,592489
2025-09-10,S06_024,23629.64,968869
2025-09-10,S06_025,75375.01,915310
2025-09-10,S06_026,63454.1,282901
2025-09-10,S06_027,25715.34,179192
2025-09-10,S06_028,65109.03,737849
2025-09-10,S06_029,37285.92,232843
2025-09-10,S06_030,58337.81,183566
2025-09-11,S06_001,49818.49,710500
2025-09-11,S06_002,53723.85,95233
2025-09-11,S06_003,33743.53,389444
2025-09-11,S06_004,26489.48,265999
2025-09-11,S06_005,29494.65,489168
2025-09-11,S06_006,43851.51,198305
2025-09-11,S06_007,58593.8,467034
2025-09-11,S06_008,54810.39,785333
2025-09-11,S06_009,54801.57,335373
2025-09-11,S06_010,49354.16,1045254
2025-09-11,S06_011,33434.25,866573
2025-09-11,S06_012,47112.91,700668
2025-09-11,S06_013,41363.07,318628
2025-09-11,S06_014,19719.15,490481
2025-09-11,S06_015,58157.34,283427
2025-09-11,S06_016,79696.65,1470285
2025-09-11,S06_017,41023.98,233972
2025-09-11,S06_018,40010.95,62007
2025-09-11,S06_019,89725.81,226084
2025-09-11,S06_020,40722.39,422363
2025-09-11,S06_021,42120.47,471032
2025-09-11,S06_022,70815.02,516962
2025-09-11,S06_023,18659.61,670208
2025-09-11,S06_024,23702.78,680752
2025-09-11,S06_025,74536.86,699551
2025-09-11,S06_026,63402.16,259221
2025-09-11,S06_027,25479.96,249051
2025-09-11,S06_028,64769.93,403592
2025-09-11,S06_029,37237.24,459470
2025-09-11,S06_030,58390.27,374195
2025-09-12,S06_001,50485.63,560958
2025-09-12,S06_002,54330.33,123606
2025-09-12,S06_003,33611.05,361992
2025-09-12,S06_004,26915.55,299092
2025-09-12,S06_005,29395.1,562557
2025-09-12,S06_006,44268.8,174382
2025-09-12,S06_007,59374.14,1521065
2025-09-12,S06_008,54542.42,415658
2025-09-12,S06_009,53930.14,484363
2025-09-12,S06_010,48803.0,1331860
2025-09-12,S06_011,33424.65,400536
2025-09-12,S06_012,47709.87,390762
2025-09-12,S06_013,42088.2,366467
2025-09-12,S06_014,19354.6,657411
2025-09-12,S06_015,58154.46,394693
2025-09-12,S06_016,74993.66,760189
2025-09-12,S06_017,40158.29,202497
2025-09-12,S06_018,37867.02,65291
2025-09-12,S06_019,89791.97,255888
2025-09-12,S06_020,39956.89,342975
2025-09-12,S06_021,44915.38,420371
2025-09-12,S06_022,70106.77,503846
2025-09-12,S06_023,17859.94,700553
2025-09-12,S06_024,23876.59,665051
2025-09-12,S06_025,74606.96,278226
2025-09-12,S06_026,63301.07,475216
2025-09-12,S06_027,25690.64,214644
2025-09-12,S06_028,65164.87,1630706
2025-09-12,S06_029,36937.15,504139
2025-09-12,S06_030,58191.96,256729
2025-09-15,S06_001,50277.96,617208
2025-09-15,S06_002,54251.02,61775
2025-09-15,S06_003,34355.12,242523
2025-09-15,S06_004,27251.52,158517
2025-09-15,S06_005,29080.93,548364
2025-09-15,S06_006,44451.18,123736
2025-09-15,S06_007,59022.56,372891
2025-09-15,S06_008,55233.51,287068
2025-09-15,S06_009,54098.34,384453
2025-09-15,S06_010,48369.78,2010353
2025-09-15,S06_011,33513.09,1167739
2025-09-15,S06_012,47572.5,395519
2025-09-15,S06_013,41433.87,372606
2025-09-15,S06_014,19364.25,708648
2025-09-15,S06_015,58662.23,491986
2025-09-15,S06_016,72739.71,1004210
2025-09-15,S06_017,39913.02,212990
2025-09-15,S06_018,38412.12,47575
2025-09-15,S06_019,86479.32,162682
2025-09-15,S06_020,40294.56,267324
2025-09-15,S06_021,46248.09,921246
2025-09-15,S06_022,68848.3,381471
2025-09-15,S06_023,18908.1,1454950
2025-09-15,S06_024,23909.71,1027043
2025-09-15,S06_025,74497.69,461709
2025-09-15,S06_026,63740.78,617405
2025-09-15,S06_027,25673.31,125865
2025-09-15,S06_028,65099.34,742214
2025-09-15,S06_029,37349.75,774124
2025-09-15,S06_030,58419.9,206116
2025-09-16,S06_001,50902.25,432363
2025-09-16,S06_002,55482.02,101812
2025-09-16,S06_003,34259.35,221522
2025-09-16,S06_004,27105.61,126017
2025-09-16,S06_005,29329.03,882167
2025-09-16,S06_006,45274.04,206994
2025-09-16,S06_007,59429.25,1035659
2025-09-16,S06_008,55385.09,353302
2025-09-16,S06_009,53987.88,329396
2025-09-16,S06_010,48647.03,805883
2025-09-16,S06_011,33111.38,383145
2025-09-16,S06_012,46680.92,411499
2025-09-16,S06_013,41320.3,359450
2025-09-16,S06_014,19205.82,628956
2025-09-16,S06_015,57414.12,658715
2025-09-16,S06_016,74301.98,736271
2025-09-16,S06_017,39776.77,210873
2025-09-16,S06_018,37910.49,73259
2025-09-16,S06_019,85572.5,161508
2025-09-16,S06_020,40314.76,388541
2025-09-16,S06_021,44224.39,647248
2025-09-16,S06_022,67465.45,208078
2025-09-16,S06_023,19196.2,405854
2025-09-16,S06_024,23696.93,760475
2025-09-16,S06_025,75257.99,736268
2025-09-16,S06_026,63901.98,399963
2025-09-16,S06_027,25772.57,137102
2025-09-16,S06_028,64631.42,497180
2025-09-16,S06_029,37205.77,282892
2025-09-16,S06_030,58475.44,309461
2025-09-17,S06_001,51149.47,832713
2025-09-17,S06_002,55864.85,72488
2025-09-17,S06_003,34285.66,366378
2025-09-17,S06_004,27728.59,264572
2025-09-17,S06_005,29851.84,590819
2025-09-17,S06_006,45439.08,416000
2025-09-17,S06_007,60699.7,546548
2025-09-17,S06_008,54393.25,706897
2025-09-17,S06_009,53861.52,784790
2025-09-17,S06_010,49307.68,847121
2025-09-17,S06_011,32555.48,699107
2025-09-17,S06_012,47397.92,1183987
2025-09-17,S06_013,41405.43,266313
2025-09-17,S06_014,19235.34,1098544
2025-09-17,S06_015,56436.66,517179
2025-09-17,S06_016,72356.0,1265194
2025-09-17,S06_017,40099.05,113126
2025-09-17,S06_018,37100.66,123593
2025-09-17,S06_019,86159.66,228724
2025-09-17,S06_020,41606.45,310707
2025-09-17,S06_021,43088.98,365385
2025-09-17,S06_022,71616.04,449653
2025-09-17,S06_023,19853.47,1036389
2025-09-17,S06_024,23639.45,604405
2025-09-17,S06_025,75076.23,433507
2025-09-17,S06_026,63650.84,382560
2025-09-17,S06_027,25758.52,238059
2025-09-17,S06_028,63813.95,1064258
2025-09-17,S06_029,37233.97,347416
2025-09-17,S06_030,59033.5,240399
2025-09-18,S06_001,51298.02,394762
2025-09-18,S06_002,56204.11,97931
2025-09-18,S06_003,33644.87,210652
2025-09-18,S06_004,27631.05,141970
2025-09-18,S06_005,29711.19,506278
2025-09-18,S06_006,46793.57,203632
2025-09-18,S06_007,60744.16,876323
2025-09-18,S06_008,54245.26,476491
2025-09-18,S06_009,53502.99,544449
2025-09-18,S06_010,50051.93,1089544
2025-09-18,S06_011,32594.0,232806
2025-09-18,S06_012,47774.56,613386
2025-09-18,S06_013,41703.9,377810
2025-09-18,S06_014,19071.27,721711
2025-09-18,S06_015,57686.45,561322
2025-09-18,S06_016,69882.43,1022086
2025-09-18,S06_017,40842.17,188560
2025-09-18,S06_018,35965.17,84894
2025-09-18,S06_019,84816.11,222521
2025-09-18,S06_020,44166.57,361458
2025-09-18,S06_021,44056.59,375936
2025-09-18,S06_022,68931.9,249927
2025-09-18,S06_023,19360.96,835304
2025-09-18,S06_024,23673.82,1254862
2025-09-18,S06_025,74805.74,608165
2025-09-18,S06_026,64054.15,346433
2025-09-18,S06_027,25916.33,221871
2025-09-18,S06_028,63399.39,626694
2025-09-18,S06_029,37246.3,488811
2025-09-18,S06_030,59012.65,164361
2025-09-19,S06_001,51542.74,448719
2025-09-19,S06_002,55353.7,75852
2025-09-19,S06_003,33296.44,328791
2025-09-19,S06_004,27413.1,129071
2025-09-19,S06_005,29582.64,387610
2025-09-19,S06_006,47566.22,222568
2025-09-19,S06_007,60641.73,1198352
2025-09-19,S06_008,54916.16,361891
2025-09-19,S06_009,52975.17,453104
2025-09-19,S06_010,50020.72,608138
2025-09-19,S06_011,33186.91,504129
2025-09-19,S06_012,48749.52,771828
2025-09-19,S06_013,41854.5,565331
2025-09-19,S06_014,19329.82,578568
2025-09-19,S06_015,58064.75,552048
2025-09-19,S06_016,67701.92,843288
2025-09-19,S06_017,45121.6,299616
2025-09-19,S06_018,33746.13,111795
2025-09-19,S06_019,83414.73,286055
2025-09-19,S06_020,41574.9,245901
2025-09-19,S06_021,43547.62,640612
2025-09-19,S06_022,69274.58,741594
2025-09-19,S06_023,19673.21,499617
2025-09-19,S06_024,23674.1,725369
2025-09-19,S06_025,74993.93,247889
2025-09-19,S06_026,63844.36,628240
2025-09-19,S06_027,25841.3,231556
2025-09-19,S06_028,63211.91,583135
2025-09-19,S06_029,37311.13,372596
2025-09-19,S06_030,59208.52,316832
2025-09-22,S06_001,51602.35,588977
2025-09-22,S06_002,55854.29,92451
2025-09-22,S06_003,33688.85,271087
2025-09-22,S06_004,28185.88,236033
2025-09-22,S06_005,29270.51,1069830
2025-09-22,S06_006,47822.31,218085
2025-09-22,S06_007,60528.73,542422
2025-09-22,S06_008,54457.93,309150
2025-09-22,S06_009,53460.87,390701
2025-09-22,S06_010,48789.57,746770
2025-09-22,S06_011,33284.11,519194
2025-09-22,S06_012,48360.15,635238
2025-09-22,S06_013,41626.31,398940
2025-09-22,S06_014,19303.66,527106
2025-09-22,S06_015,58196.85,362681
2025-09-22,S06_016,66677.44,782914
2025-09-22,S06_017,47055.47,254126
2025-09-22,S06_018,33534.71,77310
2025-09-22,S06_019,87442.3,274555
2025-09-22,S06_020,43129.78,602660
2025-09-22,S06_021,44526.51,452830
2025-09-22,S06_022,66647.35,600195
2025-09-22,S06_023,19579.78,644030
2025-09-22,S06_024,23558.55,617912
2025-09-22,S06_025,75072.54,308265
2025-09-22,S06_026,63799.46,466295
2025-09-22,S06_027,26067.86,162990
2025-09-22,S06_028,63201.04,481265
2025-09-22,S06_029,37932.87,272875
2025-09-22,S06_030,59094.89,129492
2025-09-23,S06_001,51139.93,474717
2025-09-23,S06_002,55522.87,131862
2025-09-23,S06_003,33502.13,265023
2025-09-23,S06_004,28429.64,161008
2025-09-23,S06_005,28520.17,1316523
2025-09-23,S06_006,48251.38,385254
2025-09-23,S06_007,60340.87,1688405
2025-09-23,S06_008,54269.87,401168
2025-09-23,S06_009,51740.5,876402
2025-09-23,S06_010,47878.0,1231186
2025-09-23,S06_011,32638.19,591493
2025-09-23,S06_012,48492.14,625582
2025-09-23,S06_013,41187.98,276567
2025-09-23,S06_014,19195.43,821980
2025-09-23,S06_015,57676.57,558281
2025-09-23,S06_016,75288.82,1607163
2025-09-23,S06_017,52720.46,373720
2025-09-23,S06_018,30923.23,174959
2025-09-23,S06_019,88914.53,200502
2025-09-23,S06_020,48168.4,493517
2025-09-23,S06_021,48197.38,465270
2025-09-23,S06_022,58299.19,849198
2025-09-23,S06_023,19771.98,730997
2025-09-23,S06_024,23619.99,1565838
2025-09-23,S06_025,75230.33,438851
2025-09-23,S06_026,63793.16,577063
2025-09-23,S06_027,26082.54,291126
2025-09-23,S06_028,63265.98,804897
2025-09-23,S06_029,37992.99,572651
2025-09-23,S06_030,59162.9,196263
2025-09-24,S06_001,51128.53,692264
2025-09-24,S06_002,56054.15,94311
2025-09-24,S06_003,33509.89,331870
2025-09-24,S06_004,28179.89,212088
2025-09-24,S06_005,28685.94,811981
2025-09-24,S06_006,48271.61,236287
2025-09-24,S06_007,60097.88,580672
2025-09-24,S06_008,54636.31,309829
2025-09-24,S06_009,52401.71,599315
2025-09-24,S06_010,46764.25,597770
2025-09-24,S06_011,33868.19,560377
2025-09-24,S06_012,48439.65,419944
2025-09-24,S06_013,42073.48,295618
2025-09-24,S06_014,19098.17,923671
2025-09-24,S06_015,56810.55,532929
2025-09-24,S06_016,72964.82,1652613
2025-09-24,S06_017,55128.98,154478
2025-09-24,S06_018,31625.65,122950
2025-09-24,S06_019,91215.13,212395
2025-09-24,S06_020,48710.56,289288
2025-09-24,S06_021,49499.36,339377
2025-09-24,S06_022,57435.47,225483
2025-09-24,S06_023,18976.73,1183085
2025-09-24,S06_024,23867.63,691739
2025-09-24,S06_025,75079.24,556248
2025-09-24,S06_026,64008.5,209910
2025-09-24,S06_027,25933.01,176764
2025-09-24,S06_028,62847.82,1014312
2025-09-24,S06_029,37974.2,424459
2025-09-24,S06_030,59303.07,193452
2025-09-25,S06_001,52089.1,761185
2025-09-25,S06_002,56005.62,78094
2025-09-25,S06_003,33345.29,467489
2025-09-25,S06_004,28066.39,122843
2025-09-25,S06_005,29369.36,872942
2025-09-25,S06_006,49347.86,174732
2025-09-25,S06_007,60103.79,920832
2025-09-25,S06_008,55215.37,553367
2025-09-25,S06_009,52071.15,359225
2025-09-25,S06_010,47332.0,627723
2025-09-25,S06_011,33288.09,666668
2025-09-25,S06_012,47951.75,409987
2025-09-25,S06_013,41307.53,349620
2025-09-25,S06_014,19008.73,724639
2025-09-25,S06_015,56176.38,530645
2025-09-25,S06_016,71482.86,957058
2025-09-25,S06_017,56068.64,183537
2025-09-25,S06_018,31827.96,99010
2025-09-25,S06_019,90474.63,261891
2025-09-25,S06_020,50287.8,312379
2025-09-25,S06_021,52879.4,787285
2025-09-25,S06_022,57554.55,471859
2025-09-25,S06_023,19169.44,741970
2025-09-25,S06_024,23870.96,689974
2025-09-25,S06_025,74862.32,604202
2025-09-25,S06_026,64221.47,550905
2025-09-25,S06_027,25865.47,424853
2025-09-25,S06_028,62744.87,564988
2025-09-25,S06_029,38051.84,321290
2025-09-25,S06_030,59756.78,498236
2025-09-26,S06_001,51776.95,809253
2025-09-26,S06_002,55748.14,142414
2025-09-26,S06_003,33675.0,373526
2025-09-26,S06_004,28347.41,147198
2025-09-26,S06_005,29335.57,898670
2025-09-26,S06_006,49059.88,120577
2025-09-26,S06_007,60450.61,602773
2025-09-26,S06_008,55717.34,866400
2025-09-26,S06_009,52182.69,490218
2025-09-26,S06_010,46888.47,528150
2025-09-26,S06_011,32465.49,513570
2025-09-26,S06_012,46852.81,421152
2025-09-26,S06_013,41700.38,505518
2025-09-26,S06_014,19143.29,510993
2025-09-26,S06_015,55554.06,444314
2025-09-26,S06_016,68652.12,1157463
2025-09-26,S06_017,53103.44,252360
2025-09-26,S06_018,31824.07,140037
2025-09-26,S06_019,88409.57,151789
2025-09-26,S06_020,53324.64,383700
2025-09-26,S06_021,50511.79,664620
2025-09-26,S06_022,55761.03,443809
2025-09-26,S06_023,20783.88,579813
2025-09-26,S06_024,23974.15,1272836
2025-09-26,S06_025,74544.37,293298
2025-09-26,S06_026,63905.59,433225
2025-09-26,S06_027,25899.22,180770
2025-09-26,S06_028,62556.39,634126
2025-09-26,S06_029,38080.18,296187
2025-09-26,S06_030,59655.74,126800
2025-09-29,S06_001,53905.71,952845
2025-09-29,S06_002,56170.12,87143
2025-09-29,S06_003,33247.11,202951
2025-09-29,S06_004,28262.15,203648
2025-09-29,S06_005,29293.55,947846
2025-09-29,S06_006,49507.36,158988
2025-09-29,S06_007,60350.53,1247135
2025-09-29,S06_008,55550.06,382230
2025-09-29,S06_009,52605.42,1100876
2025-09-29,S06_010,46913.03,636927
2025-09-29,S06_011,33176.58,967727
2025-09-29,S06_012,46569.0,551538
2025-09-29,S06_013,40976.41,374271
2025-09-29,S06_014,19136.42,478286
2025-09-29,S06_015,55947.26,474978
2025-09-29,S06_016,70842.52,1292704
2025-09-29,S06_017,54058.44,208934
2025-09-29,S06_018,30621.37,98528
2025-09-29,S06_019,86746.85,234207
2025-09-29,S06_020,52209.49,278985
2025-09-29,S06_021,47778.54,996564
2025-09-29,S06_022,53870.06,388092
2025-09-29,S06_023,21420.06,795636
2025-09-29,S06_024,23999.95,1549259
2025-09-29,S06_025,74602.81,523471
2025-09-29,S06_026,64061.2,515734
2025-09-29,S06_027,25853.99,195239
2025-09-29,S06_028,62646.67,464424
2025-09-29,S06_029,38260.96,480912
2025-09-29,S06_030,59545.61,151696
2025-09-30,S06_001,53499.22,693403
2025-09-30,S06_002,56355.99,95668
2025-09-30,S06_003,33065.5,308420
2025-09-30,S06_004,28249.0,73033
2025-09-30,S06_005,29291.34,490311
2025-09-30,S06_006,49639.85,215867
2025-09-30,S06_007,60246.06,1464521
2025-09-30,S06_008,54521.44,411415
2025-09-30,S06_009,53470.01,877843
2025-09-30,S06_010,47789.85,813502
2025-09-30,S06_011,32787.93,659071
2025-09-30,S06_012,46010.34,491605
2025-09-30,S06_013,41164.33,164375
2025-09-30,S06_014,19047.0,729657
2025-09-30,S06_015,56071.73,413851
2025-09-30,S06_016,70729.07,733689
2025-09-30,S06_017,53470.25,305551
2025-09-30,S06_018,31554.32,125018
2025-09-30,S06_019,87475.8,147594
2025-09-30,S06_020,58401.61,387796
2025-09-30,S06_021,47301.41,194582
2025-09-30,S06_022,51652.37,499614
2025-09-30,S06_023,21887.51,938062
2025-09-30,S06_024,23907.23,848018
2025-09-30,S06_025,74632.87,727427
2025-09-30,S06_026,63862.62,599661
2025-09-30,S06_027,25988.65,281476
2025-09-30,S06_028,62850.43,544960
2025-09-30,S06_029,38451.39,284455
2025-09-30,S06_030,59547.7,281178
2025-10-01,S06_001,54140.66,645500
2025-10-01,S06_002,55594.31,125237
2025-10-01,S06_003,33288.72,404519
2025-10-01,S06_004,28842.24,148386
2025-10-01,S06_005,29134.07,685771
2025-10-01,S06_006,49227.6,145807
2025-10-01,S06_007,60391.85,732627
2025-10-01,S06_008,54764.41,245813
2025-10-01,S06_009,52920.18,612259
2025-10-01,S06_010,47070.87,817473
2025-10-01,S06_011,32538.09,352981
2025-10-01,S06_012,46685.65,493950
2025-10-01,S06_013,41618.0,222130
2025-10-01,S06_014,19208.86,1044775
2025-10-01,S06_015,55322.2,252640
2025-10-01,S06_016,67421.2,736254
2025-10-01,S06_017,52484.12,286883
2025-10-01,S06_018,31131.15,80774
2025-10-01,S06_019,88950.92,159610
2025-10-01,S06_020,55865.89,489292
2025-10-01,S06_021,47177.21,440656
2025-10-01,S06_022,51144.72,170364
2025-10-01,S06_023,23028.62,1687246
2025-10-01,S06_024,23764.29,1438268
2025-10-01,S06_025,74719.42,351399
2025-10-01,S06_026,63928.02,255841
2025-10-01,S06_027,25876.52,131104
2025-10-01,S06_028,63255.13,770875
2025-10-01,S06_029,38474.65,479580
2025-10-01,S06_030,59111.21,171128
2025-10-02,S06_001,53278.31,857337
2025-10-02,S06_002,56695.43,92870
2025-10-02,S06_003,33210.82,266676
2025-10-02,S06_004,28631.92,221546
2025-10-02,S06_005,28757.24,1080856
2025-10-02,S06_006,49535.69,329221
2025-10-02,S06_007,59664.72,1484101
2025-10-02,S06_008,53846.8,657427
2025-10-02,S06_009,52589.66,662064
2025-10-02,S06_010,46828.59,776002
2025-10-02,S06_011,32992.4,652549
2025-10-02,S06_012,46820.19,561744
2025-10-02,S06_013,40838.11,233684
2025-10-02,S06_014,19717.24,885411
2025-10-02,S06_015,55884.47,659746
2025-10-02,S06_016,65031.52,994189
2025-10-02,S06_017,49867.34,678346
2025-10-02,S06_018,31297.88,60558
2025-10-02,S06_019,87053.83,199394
2025-10-02,S06_020,55218.81,269424
2025-10-02,S06_021,46301.22,359665
2025-10-02,S06_022,50785.88,369709
2025-10-02,S06_023,22551.95,559752
2025-10-02,S06_024,23779.92,766150
2025-10-02,S06_025,75466.15,564075
2025-10-02,S06_026,63587.77,387564
2025-10-02,S06_027,25776.73,176973
2025-10-02,S06_028,63605.23,850014
2025-10-02,S06_029,38591.58,1142124
2025-10-02,S06_030,59317.82,242223
2025-10-03,S06_001,53623.02,639687
2025-10-03,S06_002,56635.32,83739
2025-10-03,S06_003,32498.74,324988
2025-10-03,S06_004,28489.74,143829
2025-10-03,S06_005,29675.86,733715
2025-10-03,S06_006,47988.05,221439
2025-10-03,S06_007,59611.8,900893
2025-10-03,S06_008,53825.52,423803
2025-10-03,S06_009,51489.37,554617
2025-10-03,S06_010,46819.91,1038369
2025-10-03,S06_011,33674.79,584795
2025-10-03,S06_012,46439.5,326487
2025-10-03,S06_013,41138.82,373390
2025-10-03,S06_014,19525.01,552098
2025-10-03,S06_015,53772.83,675662
2025-10-03,S06_016,65914.72,1136734
2025-10-03,S06_017,47549.21,187286
2025-10-03,S06_018,30488.85,118758
2025-10-03,S06_019,87818.79,171283
2025-10-03,S06_020,56368.84,487276
2025-10-03,S06_021,46874.96,282671
2025-10-03,S06_022,53301.87,404889
2025-10-03,S06_023,22994.48,1275875
2025-10-03,S06_024,23794.95,594787
2025-10-03,S06_025,75932.81,579708
2025-10-03,S06_026,63776.82,240226
2025-10-03,S06_027,25688.99,130255
2025-10-03,S06_028,63226.47,585612
2025-10-03,S06_029,38843.34,293782
2025-10-03,S06_030,59298.15,193277
2025-10-06,S06_001,52640.28,1096151
2025-10-06,S06_002,57305.03,89748
2025-10-06,S06_003,32517.15,244893
2025-10-06,S06_004,29479.97,267367
2025-10-06,S06_005,29864.4,789353
2025-10-06,S06_006,48562.08,344036
2025-10-06,S06_007,60184.17,793772
2025-10-06,S06_008,53350.0,211828
2025-10-06,S06_009,51711.3,527907
2025-10-06,S06_010,45890.37,868375
2025-10-06,S06_011,33554.7,248153
2025-10-06,S06_012,47083.55,389606
2025-10-06,S06_013,40738.07,202918
2025-10-06,S06_014,19564.95,554543
2025-10-06,S06_015,51742.49,518397
2025-10-06,S06_016,68361.36,944274
2025-10-06,S06_017,47228.52,285300
2025-10-06,S06_018,31366.53,102372
2025-10-06,S06_019,81960.92,195874
2025-10-06,S06_020,55367.15,356643
2025-10-06,S06_021,46307.23,430376
2025-10-06,S06_022,54881.93,326156
2025-10-06,S06_023,22100.96,853400
2025-10-06,S06_024,23750.76,569328
2025-10-06,S06_025,75893.41,678851
2025-10-06,S06_026,63545.99,568672
2025-10-06,S06_027,25719.37,178616
2025-10-06,S06_028,63257.07,555969
2025-10-06,S06_029,38862.12,738332
2025-10-06,S06_030,59406.18,168909
2025-10-07,S06_001,53281.91,892491
2025-10-07,S06_002,57306.3,95993
2025-10-07,S06_003,31911.89,476945
2025-10-07,S06_004,29667.48,123560
2025-10-07,S06_005,30099.16,1129099
2025-10-07,S06_006,49533.19,203905
2025-10-07,S06_007,59435.9,621664
2025-10-07,S06_008,53294.53,399731
2025-10-07,S06_009,53062.66,455571
2025-10-07,S06_010,46324.31,658767
2025-10-07,S06_011,33838.6,910775
2025-10-07,S06_012,47554.18,822510
2025-10-07,S06_013,39472.48,499432
2025-10-07,S06_014,19341.68,321749
2025-10-07,S06_015,52160.04,521894
2025-10-07,S06_016,66906.01,625828
2025-10-07,S06_017,47683.44,240227
2025-10-07,S06_018,32643.49,101564
2025-10-07,S06_019,84658.93,188068
2025-10-07,S06_020,55138.65,159312
2025-10-07,S06_021,45026.88,563888
2025-10-07,S06_022,54735.27,252602
2025-10-07,S06_023,22090.71,358458
2025-10-07,S06_024,23748.29,1266997
2025-10-07,S06_025,75722.15,601512
2025-10-07,S06_026,63691.67,251977
2025-10-07,S06_027,25786.35,106710
2025-10-07,S06_028,63172.28,589029
2025-10-07,S06_029,39041.65,651160
2025-10-07,S06_030,59282.81,224164
2025-10-08,S06_001,53379.05,566712
2025-10-08,S06_002,56786.97,204325
2025-10-08,S06_003,31937.54,210660
2025-10-08,S06_004,29865.89,171376
2025-10-08,S06_005,30948.9,1892160
2025-10-08,S06_006,49279.02,159839
2025-10-08,S06_007,59884.69,669798
2025-10-08,S06_008,54160.7,391185
2025-10-08,S06_009,52660.5,470724
2025-10-08,S06_010,46999.26,601172
2025-10-08,S06_011,34603.17,431121
2025-10-08,S06_012,47574.53,834770
2025-10-08,S06_013,39830.12,535269
2025-10-08,S06_014,19451.5,875335
2025-10-08,S06_015,53234.91,368743
2025-10-08,S06_016,68423.21,1112611
2025-10-08,S06_017,47723.14,182195
2025-10-08,S06_018,31954.04,106428
2025-10-08,S06_019,85251.83,166048
2025-10-08,S06_020,56147.06,423065
2025-10-08,S06_021,45406.32,623121
2025-10-08,S06_022,52343.68,374969
2025-10-08,S06_023,21573.0,1262611
2025-10-08,S06_024,23636.07,991811
2025-10-08,S06_025,76091.79,544640
2025-10-08,S06_026,63655.32,189776
2025-10-08,S06_027,25667.94,276985
2025-10-08,S06_028,63114.06,487300
2025-10-08,S06_029,39011.24,348291
2025-10-08,S06_030,59251.52,259424
2025-10-09,S06_001,54098.16,991433
2025-10-09,S06_002,56734.25,127909
2025-10-09,S06_003,32311.26,275751
2025-10-09,S06_004,30442.68,155479
2025-10-09,S06_005,31046.64,1015120
2025-10-09,S06_006,49124.25,150730
2025-10-09,S06_007,60486.7,1185407
2025-10-09,S06_008,54408.23,381945
2025-10-09,S06_009,52459.72,676037
2025-10-09,S06_010,47363.31,751797
2025-10-09,S06_011,34034.72,602270
2025-10-09,S06_012,47493.95,898146
2025-10-09,S06_013,39229.33,424055
2025-10-09,S06_014,19762.3,437195
2025-10-09,S06_015,51247.09,383862
2025-10-09,S06_016,69288.25,1502044
2025-10-09,S06_017,47029.74,248912
2025-10-09,S06_018,33702.48,124527
2025-10-09,S06_019,81107.26,258805
2025-10-09,S06_020,56541.44,323239
2025-10-09,S06_021,46608.09,889999
2025-10-09,S06_022,50211.81,384187
2025-10-09,S06_023,22227.15,598308
2025-10-09,S06_024,23622.39,884777
2025-10-09,S06_025,76308.98,483743
2025-10-09,S06_026,63875.03,243055
2025-10-09,S06_027,25760.66,228991
2025-10-09,S06_028,63077.29,774100
2025-10-09,S06_029,39100.9,382232
2025-10-09,S06_030,59402.66,161588
2025-10-10,S06_001,53400.22,1096543
2025-10-10,S06_002,57194.69,127926
2025-10-10,S06_003,32126.3,214694
2025-10-10,S06_004,30673.56,92652
2025-10-10,S06_005,30755.64,503087
2025-10-10,S06_006,49069.99,242010
2025-10-10,S06_007,61908.09,739970
2025-10-10,S06_008,55190.64,339887
2025-10-10,S06_009,52750.3,932300
2025-10-10,S06_010,47739.01,1605815
2025-10-10,S06_011,34121.79,601327
2025-10-10,S06_012,46834.19,531431
2025-10-10,S06_013,38828.93,157043
2025-10-10,S06_014,19390.48,948225
2025-10-10,S06_015,50821.12,355204
2025-10-10,S06_016,73858.41,1144877
2025-10-10,S06_017,47834.58,332592
2025-10-10,S06_018,34816.87,99143
2025-10-10,S06_019,84221.93,205263
2025-10-10,S06_020,59937.25,448361
2025-10-10,S06_021,46914.46,313231
2025-10-10,S06_022,51036.85,435667
2025-10-10,S06_023,20728.25,1240492
2025-10-10,S06_024,23618.08,625496
2025-10-10,S06_025,76386.73,530612
2025-10-10,S06_026,63892.47,270226
2025-10-10,S06_027,25849.84,159737
2025-10-10,S06_028,63488.25,681004
2025-10-10,S06_029,38925.87,366468
2025-10-10,S06_030,59514.51,144300
2025-10-13,S06_001,53605.71,1265734
2025-10-13,S06_002,58960.25,78367
2025-10-13,S06_003,32565.82,415636
2025-10-13,S06_004,31184.89,151065
2025-10-13,S06_005,30379.0,619302
2025-10-13,S06_006,49735.25,339314
2025-10-13,S06_007,62251.35,1065383
2025-10-13,S06_008,54761.96,386004
2025-10-13,S06_009,52654.21,636667
2025-10-13,S06_010,47746.37,879690
2025-10-13,S06_011,33910.26,546254
2025-10-13,S06_012,46889.88,522800
2025-10-13,S06_013,38035.71,248839
2025-10-13,S06_014,19454.58,612770
2025-10-13,S06_015,51917.11,416950
2025-10-13,S06_016,71402.02,726132
2025-10-13,S06_017,49004.34,214211
2025-10-13,S06_018,37285.5,66648
2025-10-13,S06_019,85221.74,199980
2025-10-13,S06_020,62772.24,511853
2025-10-13,S06_021,50014.78,665817
2025-10-13,S06_022,55082.35,466099
2025-10-13,S06_023,20033.19,566105
2025-10-13,S06_024,23543.87,716833
2025-10-13,S06_025,76581.71,981150
2025-10-13,S06_026,63961.14,252410
2025-10-13,S06_027,25861.92,202992
2025-10-13,S06_028,63662.25,708022
2025-10-13,S06_029,38787.44,482010
2025-10-13,S06_030,59259.63,198333
2025-10-14,S06_001,54080.54,945908
2025-10-14,S06_002,59767.33,82473
2025-10-14,S06_003,32874.8,221807
2025-10-14,S06_004,30682.92,144178
2025-10-14,S06_005,31110.3,1250688
2025-10-14,S06_006,50716.8,268521
2025-10-14,S06_007,61793.31,774397
2025-10-14,S06_008,55032.95,256414
2025-10-14,S06_009,53172.06,825698
2025-10-14,S06_010,47917.2,1452148
2025-10-14,S06_011,33341.01,753270
2025-10-14,S06_012,46723.75,785564
2025-10-14,S06_013,37629.47,283586
2025-10-14,S06_014,19017.83,1326069
2025-10-14,S06_015,50747.25,448573
2025-10-14,S06_016,75881.33,1565737
2025-10-14,S06_017,49905.1,319009
2025-10-14,S06_018,38990.85,86171
2025-10-14,S06_019,85792.52,190008
2025-10-14,S06_020,61652.55,263000
2025-10-14,S06_021,49410.39,383759
2025-10-14,S06_022,54612.74,135800
2025-10-14,S06_023,21054.21,1268880
2025-10-14,S06_024,23425.74,950249
2025-10-14,S06_025,76238.51,372935
2025-10-14,S06_026,63768.63,357573
2025-10-14,S06_027,25770.21,204294
2025-10-14,S06_028,63662.04,418268
2025-10-14,S06_029,39058.43,449159
2025-10-14,S06_030,59468.64,179873
2025-10-15,S06_001,54553.82,456996
2025-10-15,S06_002,59464.06,108462
2025-10-15,S06_003,33249.72,246831
2025-10-15,S06_004,30885.04,127725
2025-10-15,S06_005,31432.56,601360
2025-10-15,S06_006,51580.77,153026
2025-10-15,S06_007,61847.83,1387056
2025-10-15,S06_008,54390.46,394881
2025-10-15,S06_009,53104.16,286765
2025-10-15,S06_010,48622.29,448047
2025-10-15,S06_011,33705.93,746949
2025-10-15,S06_012,47378.62,347314
2025-10-15,S06_013,38270.04,269448
2025-10-15,S06_014,18854.96,869190
2025-10-15,S06_015,51272.88,264394
2025-10-15,S06_016,77905.15,1237853
2025-10-15,S06_017,50899.99,253170
2025-10-15,S06_018,38977.83,80995
2025-10-15,S06_019,83331.05,159938
2025-10-15,S06_020,62285.15,500627
2025-10-15,S06_021,47893.23,330385
2025-10-15,S06_022,51443.84,390286
2025-10-15,S06_023,21755.56,865765
2025-10-15,S06_024,23292.3,594477
2025-10-15,S06_025,76477.96,383206
2025-10-15,S06_026,63794.32,443695
2025-10-15,S06_027,25813.94,218825
2025-10-15,S06_028,63687.55,820044
2025-10-15,S06_029,39108.8,373255
2025-10-15,S06_030,59516.5,257356
2025-10-16,S06_001,54053.33,475350
2025-10-16,S06_002,58475.24,52202
2025-10-16,S06_003,32630.31,297507
2025-10-16,S06_004,30844.68,113965
2025-10-16,S06_005,31418.06,959383
2025-10-16,S06_006,52376.6,231734
2025-10-16,S06_007,61555.81,679084
2025-10-16,S06_008,54308.6,466971
2025-10-16,S06_009,53749.24,712294
2025-10-16,S06_010,49264.11,644967
2025-10-16,S06_011,34192.85,610214
2025-10-16,S06_012,47587.69,511225
2025-10-16,S06_013,39108.72,244810
2025-10-16,S06_014,18813.34,661723
2025-10-16,S06_015,50949.19,209534
2025-10-16,S06_016,75526.86,1132112
2025-10-16,S06_017,52250.81,244898
2025-10-16,S06_018,37351.67,117951
2025-10-16,S06_019,79996.88,231939
2025-10-16,S06_020,64290.2,331876
2025-10-16,S06_021,48295.38,655444
2025-10-16,S06_022,52601.08,373976
2025-10-16,S06_023,21813.84,534013
2025-10-16,S06_024,23491.36,562041
2025-10-16,S06_025,76278.98,583765
2025-10-16,S06_026,63296.58,227473
2025-10-16,S06_027,25751.95,127595
2025-10-16,S06_028,63348.39,488781
2025-10-16,S06_029,39112.23,333024
2025-10-16,S06_030,59444.9,222640
2025-10-17,S06_001,54227.43,442956
2025-10-17,S06_002,58579.61,67446
2025-10-17,S06_003,32565.94,308404
2025-10-17,S06_004,31056.15,251304
2025-10-17,S06_005,31235.38,1317811
2025-10-17,S06_006,52676.04,199586
2025-10-17,S06_007,61510.47,479036
2025-10-17,S06_008,54706.5,349101
2025-10-17,S06_009,53389.88,655342
2025-10-17,S06_010,49477.25,455226
2025-10-17,S06_011,34436.91,398733
2025-10-17,S06_012,47322.07,636053
2025-10-17,S06_013,38625.92,239758
2025-10-17,S06_014,18943.7,609887
2025-10-17,S06_015,51499.58,270566
2025-10-17,S06_016,77244.63,964898
2025-10-17,S06_017,49147.55,621932
2025-10-17,S06_018,37877.5,100448
2025-10-17,S06_019,77797.07,84935
2025-10-17,S06_020,59863.41,786711
2025-10-17,S06_021,45450.81,827180
2025-10-17,S06_022,54685.37,418517
2025-10-17,S06_023,22190.93,541589
2025-10-17,S06_024,23372.48,709507
2025-10-17,S06_025,76212.13,345043
2025-10-17,S06_026,63496.75,513918
2025-10-17,S06_027,25799.67,207980
2025-10-17,S06_028,63504.95,528622
2025-10-17,S06_029,39347.55,343750
2025-10-17,S06_030,59334.29,242947
2025-10-20,S06_001,53973.82,881793
2025-10-20,S06_002,58703.31,130525
2025-10-20,S06_003,32859.78,273348
2025-10-20,S06_004,30266.98,142039
2025-10-20,S06_005,31150.81,1039883
2025-10-20,S06_006,51476.3,115498
2025-10-20,S06_007,60646.05,591953
2025-10-20,S06_008,53504.33,322665
2025-10-20,S06_009,53420.55,435442
2025-10-20,S06_010,48879.93,837468
2025-10-20,S06_011,34653.63,561962
2025-10-20,S06_012,48058.6,539001
2025-10-20,S06_013,38475.66,304315
2025-10-20,S06_014,18661.77,519702
2025-10-20,S06_015,52219.2,320978
2025-10-20,S06_016,75243.95,964379
2025-10-20,S06_017,49771.44,162879
2025-10-20,S06_018,35834.86,83529
2025-10-20,S06_019,85551.25,516188
2025-10-20,S06_020,60264.18,216743
2025-10-20,S06_021,48578.31,697832
2025-10-20,S06_022,55257.02,649016
2025-10-20,S06_023,22416.25,550202
2025-10-20,S06_024,23380.61,818693
2025-10-20,S06_025,76425.42,338479
2025-10-20,S06_026,64052.36,394454
2025-10-20,S06_027,25737.69,126784
2025-10-20,S06_028,63422.73,446242
2025-10-20,S06_029,39477.24,566147
2025-10-20,S06_030,59475.09,212552
2025-10-21,S06_001,54181.84,1455308
2025-10-21,S06_002,59489.73,134070
2025-10-21,S06_003,32687.58,303392
2025-10-21,S06_004,29770.89,187494
2025-10-21,S06_005,31322.2,1346365
2025-10-21,S06_006,51409.75,208010
2025-10-21,S06_007,60687.42,964208
2025-10-21,S06_008,53477.23,568343
2025-10-21,S06_009,52725.19,598227
2025-10-21,S06_010,47208.07,1164409
2025-10-21,S06_011,34487.83,792727
2025-10-21,S06_012,47634.53,811067
2025-10-21,S06_013,38549.84,245459
2025-10-21,S06_014,18348.63,661543
2025-10-21,S06_015,52371.68,590108
2025-10-21,S06_016,75825.81,1352781
2025-10-21,S06_017,48808.57,287897
2025-10-21,S06_018,37063.96,94466
2025-10-21,S06_019,84414.84,359901
2025-10-21,S06_020,59438.52,239030
2025-10-21,S06_021,51380.01,698354
2025-10-21,S06_022,55096.59,251037
2025-10-21,S06_023,24268.44,793318
2025-10-21,S06_024,23452.92,745702
2025-10-21,S06_025,76696.84,1212971
2025-10-21,S06_026,64081.95,496186
2025-10-21,S06_027,25682.26,242600
2025-10-21,S06_028,63198.18,497163
2025-10-21,S06_029,39479.04,304250
2025-10-21,S06_030,59204.02,180029
2025-10-22,S06_001,53183.78,780483
2025-10-22,S06_002,60527.54,106599
2025-10-22,S06_003,32037.5,176636
2025-10-22,S06_004,29774.16,144944
2025-10-22,S06_005,32041.86,571901
2025-10-22,S06_006,52043.4,296096
2025-10-22,S06_007,61715.34,901768
2025-10-22,S06_008,53862.82,541023
2025-10-22,S06_009,52248.78,924590
2025-10-22,S06_010,47992.35,1223075
2025-10-22,S06_011,34589.94,508905
2025-10-22,S06_012,47302.48,576738
2025-10-22,S06_013,37965.66,286566
2025-10-22,S06_014,18153.04,597103
2025-10-22,S06_015,51687.22,221522
2025-10-22,S06_016,77354.78,1116359
2025-10-22,S06_017,51944.23,421252
2025-10-22,S06_018,37349.91,31500
2025-10-22,S06_019,86323.45,199121
2025-10-22,S06_020,59298.71,331855
2025-10-22,S06_021,53718.21,486272
2025-10-22,S06_022,53636.59,245842
2025-10-22,S06_023,24470.69,399322
2025-10-22,S06_024,23558.09,1392083
2025-10-22,S06_025,76000.56,594903
2025-10-22,S06_026,64331.09,368862
2025-10-22,S06_027,25545.89,206109
2025-10-22,S06_028,62840.3,584561
2025-10-22,S06_029,39429.78,343331
2025-10-22,S06_030,58914.23,359780
2025-10-23,S06_001,54216.11,705904
2025-10-23,S06_002,61074.06,116273
2025-10-23,S06_003,32467.23,399968
2025-10-23,S06_004,30062.85,212103
2025-10-23,S06_005,32040.06,378435
2025-10-23,S06_006,52674.73,378089
2025-10-23,S06_007,62797.77,925634
2025-10-23,S06_008,53630.13,258694
2025-10-23,S06_009,52290.71,648018
2025-10-23,S06_010,49006.03,1181767
2025-10-23,S06_011,34800.49,334774
2025-10-23,S06_012,47304.65,355828
2025-10-23,S06_013,38221.48,381104
2025-10-23,S06_014,18174.99,357636
2025-10-23,S06_015,50929.98,526472
2025-10-23,S06_016,75723.57,865608
2025-10-23,S06_017,53978.43,298374
2025-10-23,S06_018,36636.92,107578
2025-10-23,S06_019,88531.96,154650
2025-10-23,S06_020,63193.62,505952
2025-10-23,S06_021,49627.44,719676
2025-10-23,S06_022,51952.51,548288
2025-10-23,S06_023,24835.45,477535
2025-10-23,S06_024,23754.51,1445119
2025-10-23,S06_025,76489.55,658359
2025-10-23,S06_026,64104.6,494793
2025-10-23,S06_027,25599.19,147382
2025-10-23,S06_028,63334.33,571320
2025-10-23,S06_029,39552.73,551140
2025-10-23,S06_030,59179.9,239937
2025-10-24,S06_001,53901.42,752764
2025-10-24,S06_002,61863.75,195021
2025-10-24,S06_003,32864.69,352553
2025-10-24,S06_004,29615.3,295394
2025-10-24,S06_005,31735.5,590266
2025-10-24,S06_006,52610.09,268944
2025-10-24,S06_007,63404.47,1091577
2025-10-24,S06_008,54221.51,332542
2025-10-24,S06_009,52256.97,504892
2025-10-24,S06_010,48585.38,1172204
2025-10-24,S06_011,35834.0,916499
2025-10-24,S06_012,47633.17,489094
2025-10-24,S06_013,38875.67,152041
2025-10-24,S06_014,17810.41,1005140
2025-10-24,S06_015,50502.65,287012
2025-10-24,S06_016,80552.25,1274195
2025-10-24,S06_017,54506.98,196325
2025-10-24,S06_018,36329.94,121095
2025-10-24,S06_019,94018.51,271424
2025-10-24,S06_020,65016.33,359242
2025-10-24,S06_021,48891.86,488787
2025-10-24,S06_022,52696.4,386166
2025-10-24,S06_023,24403.45,1404323
2025-10-24,S06_024,23614.96,911559
2025-10-24,S06_025,76772.33,525525
2025-10-24,S06_026,64279.16,233805
2025-10-24,S06_027,25584.58,275232
2025-10-24,S06_028,63191.33,496551
2025-10-24,S06_029,39676.38,373233
2025-10-24,S06_030,59245.08,125497
2025-10-27,S06_001,54294.85,777168
2025-10-27,S06_002,61804.9,80196
2025-10-27,S06_003,33443.06,335648
2025-10-27,S06_004,29440.13,261884
2025-10-27,S06_005,31274.0,791641
2025-10-27,S06_006,51500.99,138021
2025-10-27,S06_007,62904.02,582657
2025-10-27,S06_008,54218.06,357938
2025-10-27,S06_009,52892.28,1113877
2025-10-27,S06_010,49268.08,821255
2025-10-27,S06_011,35047.28,515384
2025-10-27,S06_012,47830.83,406959
2025-10-27,S06_013,38202.9,189258
2025-10-27,S06_014,18356.84,639290
2025-10-27,S06_015,49316.83,390737
2025-10-27,S06_016,80508.45,731351
2025-10-27,S06_017,54135.03,228881
2025-10-27,S06_018,37991.05,170087
2025-10-27,S06_019,95555.55,116174
2025-10-27,S06_020,65995.09,356419
2025-10-27,S06_021,48801.11,391960
2025-10-27,S06_022,51059.34,555764
2025-10-27,S06_023,24462.39,569961
2025-10-27,S06_024,23601.44,579959
2025-10-27,S06_025,76485.67,733540
2025-10-27,S06_026,64374.76,345647
2025-10-27,S06_027,25680.9,278110
2025-10-27,S06_028,63412.59,964287
2025-10-27,S06_029,39749.93,335623
2025-10-27,S06_030,59361.05,247593
2025-10-28,S06_001,53620.56,1011451
2025-10-28,S06_002,62537.92,190500
2025-10-28,S06_003,32729.24,147414
2025-10-28,S06_004,29586.4,131148
2025-10-28,S06_005,31534.79,561716
2025-10-28,S06_006,52109.19,165319
2025-10-28,S06_007,63398.28,694345
2025-10-28,S06_008,53367.71,432339
2025-10-28,S06_009,53087.0,579119
2025-10-28,S06_010,47863.93,804233
2025-10-28,S06_011,34728.96,740124
2025-10-28,S06_012,48917.14,871658
2025-10-28,S06_013,38825.81,272659
2025-10-28,S06_014,18170.2,558781
2025-10-28,S06_015,49700.0,430017
2025-10-28,S06_016,80635.6,727145
2025-10-28,S06_017,50294.23,192213
2025-10-28,S06_018,38509.72,63622
2025-10-28,S06_019,91586.71,326044
2025-10-28,S06_020,64369.7,489033
2025-10-28,S06_021,48911.36,545608
2025-10-28,S06_022,51604.77,169864
2025-10-28,S06_023,23322.65,927050
2025-10-28,S06_024,23498.7,938376
2025-10-28,S06_025,76332.31,592662
2025-10-28,S06_026,64524.84,267128
2025-10-28,S06_027,25863.69,144176
2025-10-28,S06_028,63487.06,782109
2025-10-28,S06_029,40130.97,392242
2025-10-28,S06_030,59294.13,134997
2025-10-29,S06_001,52637.36,569874
2025-10-29,S06_002,62867.34,105038
2025-10-29,S06_003,32686.47,298028
2025-10-29,S06_004,29571.68,182303
2025-10-29,S06_005,31970.49,608374
2025-10-29,S06_006,51620.61,296009
2025-10-29,S06_007,63357.9,713608
2025-10-29,S06_008,53628.72,450448
2025-10-29,S06_009,52969.28,938033
2025-10-29,S06_010,48267.23,627972
2025-10-29,S06_011,34600.65,445339
2025-10-29,S06_012,49231.34,725371
2025-10-29,S06_013,38164.78,280914
2025-10-29,S06_014,17943.97,345500
2025-10-29,S06_015,48383.89,461434
2025-10-29,S06_016,82883.15,852249
2025-10-29,S06_017,48360.11,191791
2025-10-29,S06_018,38433.2,60031
2025-10-29,S06_019,90342.89,209679
2025-10-29,S06_020,66958.42,358656
2025-10-29,S06_021,50015.82,398916
2025-10-29,S06_022,50162.82,322568
2025-10-29,S06_023,23503.31,557288
2025-10-29,S06_024,23515.8,692587
2025-10-29,S06_025,76382.48,385958
2025-10-29,S06_026,64631.37,416710
2025-10-29,S06_027,25812.96,122916
2025-10-29,S06_028,63807.01,746384
2025-10-29,S06_029,40023.6,784949
2025-10-29,S06_030,59426.13,245812
2025-10-30,S06_001,53139.11,760195
2025-10-30,S06_002,64489.18,96002
2025-10-30,S06_003,32553.52,239609
2025-10-30,S06_004,29960.99,243491
2025-10-30,S06_005,32707.92,794716
2025-10-30,S06_006,51138.75,148769
2025-10-30,S06_007,63230.86,873735
2025-10-30,S06_008,53734.52,325126
2025-10-30,S06_009,52609.89,516193
2025-10-30,S06_010,48479.25,1390528
2025-10-30,S06_011,34774.65,638035
2025-10-30,S06_012,48033.14,798642
2025-10-30,S06_013,37961.73,243478
2025-10-30,S06_014,17617.9,565132
2025-10-30,S06_015,49234.04,533834
2025-10-30,S06_016,84988.82,1144684
2025-10-30,S06_017,47577.41,297512
2025-10-30,S06_018,37932.55,129193
2025-10-30,S06_019,87995.39,150946
2025-10-30,S06_020,64448.2,271466
2025-10-30,S06_021,51818.31,738869
2025-10-30,S06_022,51746.74,489612
2025-10-30,S06_023,23871.73,1038240
2025-10-30,S06_024,23426.55,324343
2025-10-30,S06_025,76241.65,617541
2025-10-30,S06_026,64625.35,401424
2025-10-30,S06_027,25688.7,130368
2025-10-30,S06_028,63363.49,911904
2025-10-30,S06_029,40111.92,306530
2025-10-30,S06_030,59246.29,336949
2025-10-31,S06_001,53631.68,854802
2025-10-31,S06_002,64759.51,143047
2025-10-31,S06_003,32203.68,253983
2025-10-31,S06_004,30394.01,151080
2025-10-31,S06_005,33806.3,760358
2025-10-31,S06_006,51832.63,272042
2025-10-31,S06_007,64242.39,684429
2025-10-31,S06_008,53694.25,260403
2025-10-31,S06_009,52678.37,572216
2025-10-31,S06_010,48031.54,1111189
2025-10-31,S06_011,35411.19,538214
2025-10-31,S06_012,48108.29,688707
2025-10-31,S06_013,39158.42,352453
2025-10-31,S06_014,17715.57,762767
2025-10-31,S06_015,48628.51,165613
2025-10-31,S06_016,87602.71,874814
2025-10-31,S06_017,48177.8,182169
2025-10-31,S06_018,38127.02,129760
2025-10-31,S06_019,89290.97,119952
2025-10-31,S06_020,64122.92,502347
2025-10-31,S06_021,54727.96,888740
2025-10-31,S06_022,50994.53,297655
2025-10-31,S06_023,24095.16,902186
2025-10-31,S06_024,23425.77,1429458
2025-10-31,S06_025,75805.24,447283
2025-10-31,S06_026,64551.48,444083
2025-10-31,S06_027,25748.76,182548
2025-10-31,S06_028,63700.33,537127
2025-10-31,S06_029,40090.54,626887
2025-10-31,S06_030,59353.79,227006
2025-11-03,S06_001,54260.65,720878
2025-11-03,S06_002,64708.26,67460
2025-11-03,S06_003,32305.1,296458
2025-11-03,S06_004,30031.94,228379
2025-11-03,S06_005,33225.99,1058147
2025-11-03,S06_006,51991.41,177069
2025-11-03,S06_007,64101.38,713543
2025-11-03,S06_008,53725.32,388636
2025-11-03,S06_009,53287.19,987730
2025-11-03,S06_010,49237.01,834322
2025-11-03,S06_011,35841.54,459959
2025-11-03,S06_012,48105.59,717226
2025-11-03,S06_013,40060.5,294956
2025-11-03,S06_014,17572.82,471883
2025-11-03,S06_015,48372.78,773721
2025-11-03,S06_016,89743.57,888700
2025-11-03,S06_017,47541.08,153720
2025-11-03,S06_018,39181.44,91448
2025-11-03,S06_019,91736.65,86984
2025-11-03,S06_020,64994.79,492884
2025-11-03,S06_021,56106.81,597613
2025-11-03,S06_022,50761.31,541094
2025-11-03,S06_023,25133.68,701113
2025-11-03,S06_024,23320.37,558107
2025-11-03,S06_025,75505.68,488681
2025-11-03,S06_026,64404.27,424890
2025-11-03,S06_027,25906.63,146657
2025-11-03,S06_028,64093.9,669237
2025-11-03,S06_029,40019.4,346371
2025-11-03,S06_030,59078.59,446441
2025-11-04,S06_001,54572.9,380659
2025-11-04,S06_002,65402.41,94855
2025-11-04,S06_003,32463.08,448661
2025-11-04,S06_004,30021.13,152918
2025-11-04,S06_005,33263.14,726440
2025-11-04,S06_006,52615.75,216050
2025-11-04,S06_007,63931.49,699595
2025-11-04,S06_008,54266.35,297310
2025-11-04,S06_009,52784.45,432285
2025-11-04,S06_010,49032.34,844403
2025-11-04,S06_011,35662.51,633123
2025-11-04,S06_012,47500.27,1246162
2025-11-04,S06_013,39297.66,537262
2025-11-04,S06_014,17682.4,431828
2025-11-04,S06_015,47907.04,550166
2025-11-04,S06_016,96557.64,1267091
2025-11-04,S06_017,49977.82,310165
2025-11-04,S06_018,39853.47,99519
2025-11-04,S06_019,94282.55,223006
2025-11-04,S06_020,65559.35,455158
2025-11-04,S06_021,55804.29,456065
2025-11-04,S06_022,51503.26,259608
2025-11-04,S06_023,26329.2,649726
2025-11-04,S06_024,23196.92,1597692
2025-11-04,S06_025,75699.29,441654
2025-11-04,S06_026,64816.26,458974
2025-11-04,S06_027,25815.63,185694
2025-11-04,S06_028,63820.09,609580
2025-11-04,S06_029,39977.82,478876
2025-11-04,S06_030,59331.28,138513
2025-11-05,S06_001,55430.82,365407
2025-11-05,S06_002,66707.08,91844
2025-11-05,S06_003,32390.07,544817
2025-11-05,S06_004,29852.63,102787
2025-11-05,S06_005,33132.14,606106
2025-11-05,S06_006,51809.14,155793
2025-11-05,S06_007,64399.31,515108
2025-11-05,S06_008,54321.69,432412
2025-11-05,S06_009,54682.28,1531766
2025-11-05,S06_010,49593.01,1221470
2025-11-05,S06_011,35918.82,420852
2025-11-05,S06_012,47327.7,502350
2025-11-05,S06_013,39670.11,218144
2025-11-05,S06_014,17743.0,540016
2025-11-05,S06_015,48878.06,347651
2025-11-05,S06_016,97364.83,1054409
2025-11-05,S06_017,48982.18,195400
2025-11-05,S06_018,38474.45,127001
2025-11-05,S06_019,97014.79,115164
2025-11-05,S06_020,64687.58,224101
2025-11-05,S06_021,55688.15,393848
2025-11-05,S06_022,53583.45,798430
2025-11-05,S06_023,27655.77,593214
2025-11-05,S06_024,23097.17,811855
2025-11-05,S06_025,75344.31,325592
2025-11-05,S06_026,64852.73,363800
2025-11-05,S06_027,25733.8,248455
2025-11-05,S06_028,64018.43,321978
2025-11-05,S06_029,40052.86,355191
2025-11-05,S06_030,59562.67,289489
2025-11-06,S06_001,55740.39,403823
2025-11-06,S06_002,67460.38,157577
2025-11-06,S06_003,33072.99,498895
2025-11-06,S06_004,30330.06,323396
2025-11-06,S06_005,33081.18,993433
2025-11-06,S06_006,51810.81,228471
2025-11-06,S06_007,63463.75,761440
2025-11-06,S06_008,54780.96,449232
2025-11-06,S06_009,53688.68,493013
2025-11-06,S06_010,50773.8,746789
2025-11-06,S06_011,35822.02,298541
2025-11-06,S06_012,46470.37,602807
2025-11-06,S06_013,38933.0,335456
2025-11-06,S06_014,18166.6,695672
2025-11-06,S06_015,49119.58,501760
2025-11-06,S06_016,98017.59,1221028
2025-11-06,S06_017,52987.55,373537
2025-11-06,S06_018,39134.46,61807
2025-11-06,S06_019,104558.2,217666
2025-11-06,S06_020,63125.33,270048
2025-11-06,S06_021,57048.76,428585
2025-11-06,S06_022,54955.53,345265
2025-11-06,S06_023,26596.41,623528
2025-11-06,S06_024,22975.07,1263427
2025-11-06,S06_025,75305.63,671665
2025-11-06,S06_026,64778.75,292164
2025-11-06,S06_027,25708.22,304359
2025-11-06,S06_028,63749.73,775412
2025-11-06,S06_029,39949.79,571181
2025-11-06,S06_030,59480.36,194373
2025-11-07,S06_001,55206.62,942725
2025-11-07,S06_002,67911.53,80021
2025-11-07,S06_003,32327.36,323987
2025-11-07,S06_004,30679.85,92254
2025-11-07,S06_005,32777.46,1960300
2025-11-07,S06_006,50846.75,199896
2025-11-07,S06_007,63431.45,941655
2025-11-07,S06_008,55828.33,724142
2025-11-07,S06_009,53091.04,753547
2025-11-07,S06_010,50658.83,894835
2025-11-07,S06_011,35897.68,669949
2025-11-07,S06_012,46578.43,543206
2025-11-07,S06_013,39138.86,273281
2025-11-07,S06_014,17869.46,891684
2025-11-07,S06_015,49700.92,632530
2025-11-07,S06_016,102578.56,830604
2025-11-07,S06_017,50804.04,483514
2025-11-07,S06_018,37931.58,124033
2025-11-07,S06_019,108205.76,197614
2025-11-07,S06_020,67049.89,522202
2025-11-07,S06_021,54742.32,603189
2025-11-07,S06_022,55088.18,390563
2025-11-07,S06_023,27379.25,930499
2025-11-07,S06_024,23000.78,1328926
2025-11-07,S06_025,75428.38,335753
2025-11-07,S06_026,65121.89,496839
2025-11-07,S06_027,25891.68,108767
2025-11-07,S06_028,63647.11,530996
2025-11-07,S06_029,39843.51,275089
2025-11-07,S06_030,59358.16,151268
2025-11-10,S06_001,56904.6,1252098
2025-11-10,S06_002,67972.77,80304
2025-11-10,S06_003,32533.46,521008
2025-11-10,S06_004,30357.87,102948
2025-11-10,S06_005,32936.61,863389
2025-11-10,S06_006,51531.24,399564
2025-11-10,S06_007,64514.53,626328
2025-11-10,S06_008,56385.23,588359
2025-11-10,S06_009,52737.4,699910
2025-11-10,S06_010,51206.36,814690
2025-11-10,S06_011,36338.85,466707
2025-11-10,S06_012,46446.68,595406
2025-11-10,S06_013,38878.76,294906
2025-11-10,S06_014,17836.9,879338
2025-11-10,S06_015,49264.4,1175069
2025-11-10,S06_016,102603.81,922176
2025-11-10,S06_017,52045.6,226919
2025-11-10,S06_018,37982.14,118186
2025-11-10,S06_019,102953.2,180839
2025-11-10,S06_020,64236.59,716811
2025-11-10,S06_021,54392.43,326263
2025-11-10,S06_022,55142.33,249933
2025-11-10,S06_023,27924.94,641274
2025-11-10,S06_024,22960.62,1088528
2025-11-10,S06_025,75493.56,543989
2025-11-10,S06_026,65286.6,263279
2025-11-10,S06_027,25826.25,78770
2025-11-10,S06_028,63364.32,630959
2025-11-10,S06_029,39505.45,336631
2025-11-10,S06_030,59498.69,359085
2025-11-11,S06_001,56419.07,451712
2025-11-11,S06_002,67358.39,90179
2025-11-11,S06_003,32063.32,524589
2025-11-11,S06_004,30884.19,144938
2025-11-11,S06_005,32466.15,661119
2025-11-11,S06_006,52093.9,188496
2025-11-11,S06_007,65784.17,574436
2025-11-11,S06_008,56457.66,448259
2025-11-11,S06_009,53347.12,417883
2025-11-11,S06_010,51140.27,1238396
2025-11-11,S06_011,35062.27,712177
2025-11-11,S06_012,45799.86,651342
2025-11-11,S06_013,39133.57,269890
2025-11-11,S06_014,17759.87,574790
2025-11-11,S06_015,49627.45,538576
2025-11-11,S06_016,98626.18,1189306
2025-11-11,S06_017,51843.52,179549
2025-11-11,S06_018,35506.7,114184
2025-11-11,S06_019,100607.73,118532
2025-11-11,S06_020,66301.69,613332
2025-11-11,S06_021,57454.61,423405
2025-11-11,S06_022,53052.16,374925
2025-11-11,S06_023,28834.31,599066
2025-11-11,S06_024,22967.03,883939
2025-11-11,S06_025,75360.95,248499
2025-11-11,S06_026,65461.18,294814
2025-11-11,S06_027,25899.49,157934
2025-11-11,S06_028,63494.82,482488
2025-11-11,S06_029,39703.86,350391
2025-11-11,S06_030,59249.74,202822
2025-11-12,S06_001,57074.67,866948
2025-11-12,S06_002,68421.28,51651
2025-11-12,S06_003,32144.6,304727
2025-11-12,S06_004,30418.02,225987
2025-11-12,S06_005,32680.56,433764
2025-11-12,S06_006,51549.07,474961
2025-11-12,S06_007,65198.48,773391
2025-11-12,S06_008,56494.22,315795
2025-11-12,S06_009,54332.23,381850
2025-11-12,S06_010,51319.53,746256
2025-11-12,S06_011,34897.36,582829
2025-11-12,S06_012,45450.07,936329
2025-11-12,S06_013,39244.56,391835
2025-11-12,S06_014,17272.38,442001
2025-11-12,S06_015,50027.0,381442
2025-11-12,S06_016,96980.53,910973
2025-11-12,S06_017,51286.34,153625
2025-11-12,S06_018,35099.4,161901
2025-11-12,S06_019,106684.54,232164
2025-11-12,S06_020,65683.62,309500
2025-11-12,S06_021,58730.78,355380
2025-11-12,S06_022,52555.24,636923
2025-11-12,S06_023,28639.08,536357
2025-11-12,S06_024,22810.79,879846
2025-11-12,S06_025,75147.91,758320
2025-11-12,S06_026,65528.18,425875
2025-11-12,S06_027,25894.26,114226
2025-11-12,S06_028,63396.6,585370
2025-11-12,S06_029,39780.82,467497
2025-11-12,S06_030,59086.25,217436
2025-11-13,S06_001,57499.85,329350
2025-11-13,S06_002,69503.1,145392
2025-11-13,S06_003,32353.53,165808
2025-11-13,S06_004,30270.36,189452
2025-11-13,S06_005,33166.26,723216
2025-11-13,S06_006,51454.59,243676
2025-11-13,S06_007,64542.72,696159
2025-11-13,S06_008,56369.71,273502
2025-11-13,S06_009,54060.38,380067
2025-11-13,S06_010,50639.06,1108435
2025-11-13,S06_011,34415.8,714342
2025-11-13,S06_012,46101.98,973084
2025-11-13,S06_013,39313.37,328985
2025-11-13,S06_014,17354.79,488533
2025-11-13,S06_015,49970.56,357208
2025-11-13,S06_016,95375.69,487057
2025-11-13,S06_017,51166.3,157579
2025-11-13,S06_018,34370.16,87070
2025-11-13,S06_019,105100.64,178894
2025-11-13,S06_020,63602.23,285590
2025-11-13,S06_021,60854.75,460746
2025-11-13,S06_022,55150.24,359527
2025-11-13,S06_023,28724.73,994443
2025-11-13,S06_024,22821.92,856411
2025-11-13,S06_025,74779.09,569950
2025-11-13,S06_026,65953.63,334696
2025-11-13,S06_027,26044.28,142274
2025-11-13,S06_028,63377.92,1354097
2025-11-13,S06_029,39938.6,433730
2025-11-13,S06_030,59368.94,217190
2025-11-14,S06_001,58320.67,549414
2025-11-14,S06_002,67866.41,99819
2025-11-14,S06_003,32910.75,247285
2025-11-14,S06_004,29898.34,306350
2025-11-14,S06_005,32987.61,501363
2025-11-14,S06_006,51886.77,201961
2025-11-14,S06_007,64198.89,453389
2025-11-14,S06_008,56479.18,512374
2025-11-14,S06_009,53416.59,567841
2025-11-14,S06_010,50690.66,586721
2025-11-14,S06_011,33982.5,762134
2025-11-14,S06_012,46100.38,577886
2025-11-14,S06_013,39157.48,203672
2025-11-14,S06_014,17268.72,822954
2025-11-14,S06_015,50024.08,262996
2025-11-14,S06_016,101034.76,1079023
2025-11-14,S06_017,49782.92,209095
2025-11-14,S06_018,33040.46,61384
2025-11-14,S06_019,106023.23,163257
2025-11-14,S06_020,62916.33,231846
2025-11-14,S06_021,61435.65,331765
2025-11-14,S06_022,55345.41,339408
2025-11-14,S06_023,28009.21,641773
2025-11-14,S06_024,22776.57,522585
2025-11-14,S06_025,74867.96,496790
2025-11-14,S06_026,65827.83,300907
2025-11-14,S06_027,26099.35,162497
2025-11-14,S06_028,63091.48,268170
2025-11-14,S06_029,39787.91,242120
2025-11-14,S06_030,59297.1,499846
2025-11-17,S06_001,58339.01,693821
2025-11-17,S06_002,67275.52,80171
2025-11-17,S06_003,32836.97,144777
2025-11-17,S06_004,29756.52,217596
2025-11-17,S06_005,33465.18,931574
2025-11-17,S06_006,51324.58,174305
2025-11-17,S06_007,61836.11,545137
2025-11-17,S06_008,56630.18,413539
2025-11-17,S06_009,52754.47,763502
2025-11-17,S06_010,50768.95,567339
2025-11-17,S06_011,33672.36,650182
2025-11-17,S06_012,45853.6,741826
2025-11-17,S06_013,40259.0,515246
2025-11-17,S06_014,17414.94,416520
2025-11-17,S06_015,50123.91,568670
2025-11-17,S06_016,98416.42,970218
2025-11-17,S06_017,50231.48,131014
2025-11-17,S06_018,32628.74,88953
2025-11-17,S06_019,104027.69,320505
2025-11-17,S06_020,62380.89,295286
2025-11-17,S06_021,63506.18,350588
2025-11-17,S06_022,53911.63,621042
2025-11-17,S06_023,29326.81,1018106
2025-11-17,S06_024,22894.55,658373
2025-11-17,S06_025,74565.73,540010
2025-11-17,S06_026,65654.6,530877
2025-11-17,S06_027,26190.7,227145
2025-11-17,S06_028,63317.42,819572
2025-11-17,S06_029,39856.17,299798
2025-11-17,S06_030,59356.26,269788
2025-11-18,S06_001,58659.35,839487
2025-11-18,S06_002,67956.28,121786
2025-11-18,S06_003,32942.16,255949
2025-11-18,S06_004,28987.68,188631
2025-11-18,S06_005,33544.52,1266619
2025-11-18,S06_006,50324.55,217421
2025-11-18,S06_007,63222.37,1294159
2025-11-18,S06_008,56233.0,286577
2025-11-18,S06_009,53377.76,552417
2025-11-18,S06_010,50809.35,541549
2025-11-18,S06_011,32823.46,751275
2025-11-18,S06_012,45363.68,350717
2025-11-18,S06_013,39947.65,357820
2025-11-18,S06_014,17433.34,711237
2025-11-18,S06_015,50193.09,456183
2025-11-18,S06_016,94501.48,1509220
2025-11-18,S06_017,48949.57,326678
2025-11-18,S06_018,33664.51,65971
2025-11-18,S06_019,99478.44,392728
2025-11-18,S06_020,59957.41,969046
2025-11-18,S06_021,64599.2,369231
2025-11-18,S06_022,55285.59,297986
2025-11-18,S06_023,29404.11,728675
2025-11-18,S06_024,23080.41,444764
2025-11-18,S06_025,75191.89,624704
2025-11-18,S06_026,65400.06,142633
2025-11-18,S06_027,26182.75,174463
2025-11-18,S06_028,63237.94,1166418
2025-11-18,S06_029,39917.93,745383
2025-11-18,S06_030,59020.89,325765
2025-11-19,S06_001,58303.51,511047
2025-11-19,S06_002,67648.31,82919
2025-11-19,S06_003,32102.89,352757
2025-11-19,S06_004,29004.42,226218
2025-11-19,S06_005,33952.82,585195
2025-11-19,S06_006,50349.46,176709
2025-11-19,S06_007,63868.3,678044
2025-11-19,S06_008,55965.72,385324
2025-11-19,S06_009,52498.26,522080
2025-11-19,S06_010,51544.04,1226986
2025-11-19,S06_011,33335.32,779652
2025-11-19,S06_012,45653.4,680467
2025-11-19,S06_013,39549.46,273652
2025-11-19,S06_014,17398.35,1250800
2025-11-19,S06_015,50621.25,494473
2025-11-19,S06_016,97327.28,1391815
2025-11-19,S06_017,49306.58,191228
2025-11-19,S06_018,32844.2,114978
2025-11-19,S06_019,100581.85,163584
2025-11-19,S06_020,62904.06,293013
2025-11-19,S06_021,68805.95,588731
2025-11-19,S06_022,55584.53,461650
2025-11-19,S06_023,31145.87,947552
2025-11-19,S06_024,23116.35,701823
2025-11-19,S06_025,75093.09,643823
2025-11-19,S06_026,65444.69,448978
2025-11-19,S06_027,26095.24,142728
2025-11-19,S06_028,63253.17,315580
2025-11-19,S06_029,39974.75,425453
2025-11-19,S06_030,59143.69,162700
2025-11-20,S06_001,58795.63,626841
2025-11-20,S06_002,68201.17,103100
2025-11-20,S06_003,32589.99,183923
2025-11-20,S06_004,28430.96,156661
2025-11-20,S06_005,34106.63,609380
2025-11-20,S06_006,50868.27,218521
2025-11-20,S06_007,63130.32,1171894
2025-11-20,S06_008,55444.77,357842
2025-11-20,S06_009,52666.55,463472
2025-11-20,S06_010,51695.09,1019025
2025-11-20,S06_011,34418.41,534479
2025-11-20,S06_012,46076.45,1068729
2025-11-20,S06_013,40307.49,420660
2025-11-20,S06_014,17680.3,866454
2025-11-20,S06_015,49959.41,468429
2025-11-20,S06_016,104349.45,1433621
2025-11-20,S06_017,49964.7,264008
2025-11-20,S06_018,31292.23,160268
2025-11-20,S06_019,104749.21,274407
2025-11-20,S06_020,63478.66,327148
2025-11-20,S06_021,67784.74,418956
2025-11-20,S06_022,52056.82,437589
2025-11-20,S06_023,29955.25,683748
2025-11-20,S06_024,23182.26,500439
2025-11-20,S06_025,75150.72,700405
2025-11-20,S06_026,65580.42,168568
2025-11-20,S06_027,26169.73,186680
2025-11-20,S06_028,63092.6,482557
2025-11-20,S06_029,39922.85,214913
2025-11-20,S06_030,59520.41,162727
2025-11-21,S06_001,57980.36,657013
2025-11-21,S06_002,67492.76,69317
2025-11-21,S06_003,32864.7,415463
2025-11-21,S06_004,28284.21,162757
2025-11-21,S06_005,33754.55,972867
2025-11-21,S06_006,50314.24,202145
2025-11-21,S06_007,62204.2,1099843
2025-11-21,S06_008,56008.05,343000
2025-11-21,S06_009,52897.52,538969
2025-11-21,S06_010,50972.96,1375462
2025-11-21,S06_011,34462.8,428196
2025-11-21,S06_012,46448.04,202588
2025-11-21,S06_013,39709.65,257596
2025-11-21,S06_014,17493.25,688502
2025-11-21,S06_015,47973.59,211485
2025-11-21,S06_016,99404.59,2265510
2025-11-21,S06_017,50203.3,238725
2025-11-21,S06_018,32980.71,79459
2025-11-21,S06_019,103991.43,144847
2025-11-21,S06_020,61266.88,293825
2025-11-21,S06_021,66076.9,531045
2025-11-21,S06_022,50519.91,238822
2025-11-21,S06_023,30123.28,1027292
2025-11-21,S06_024,23146.0,982002
2025-11-21,S06_025,74919.32,794487
2025-11-21,S06_026,65334.58,340065
2025-11-21,S06_027,26253.7,170309
2025-11-21,S06_028,62622.95,749112
2025-11-21,S06_029,39796.5,523602
2025-11-21,S06_030,59582.99,169270
2025-11-24,S06_001,58955.61,440933
2025-11-24,S06_002,66916.97,73957
2025-11-24,S06_003,32971.01,317631
2025-11-24,S06_004,28696.67,141594
2025-11-24,S06_005,33769.98,564655
2025-11-24,S06_006,51181.22,383059
2025-11-24,S06_007,62314.86,1423574
2025-11-24,S06_008,56232.23,381378
2025-11-24,S06_009,53101.23,513372
2025-11-24,S06_010,51294.76,1038056
2025-11-24,S06_011,35152.48,722524
2025-11-24,S06_012,46768.87,738447
2025-11-24,S06_013,40181.1,331131
2025-11-24,S06_014,17660.48,947063
2025-11-24,S06_015,47445.5,298839
2025-11-24,S06_016,106764.78,1402729
2025-11-24,S06_017,49322.69,265600
2025-11-24,S06_018,32548.87,119391
2025-11-24,S06_019,96485.16,147976
2025-11-24,S06_020,59677.87,397612
2025-11-24,S06_021,62250.56,819339
2025-11-24,S06_022,48461.43,583656
2025-11-24,S06_023,30201.82,768357
2025-11-24,S06_024,23170.16,388380
2025-11-24,S06_025,75101.86,1021891
2025-11-24,S06_026,65519.15,464771
2025-11-24,S06_027,26197.79,154630
2025-11-24,S06_028,62364.0,530431
2025-11-24,S06_029,39886.04,433647
2025-11-24,S06_030,59892.81,191764
2025-11-25,S06_001,60730.07,1049335
2025-11-25,S06_002,66095.8,102742
2025-11-25,S06_003,33079.12,163347
2025-11-25,S06_004,28769.77,218973
2025-11-25,S06_005,33616.72,414339
2025-11-25,S06_006,51478.88,269612
2025-11-25,S06_007,62688.99,925939
2025-11-25,S06_008,56285.63,289712
2025-11-25,S06_009,52525.0,517832
2025-11-25,S06_010,50866.66,891646
2025-11-25,S06_011,34812.69,316639
2025-11-25,S06_012,47340.91,801236
2025-11-25,S06_013,39961.0,206472
2025-11-25,S06_014,17721.26,669930
2025-11-25,S06_015,46946.56,162568
2025-11-25,S06_016,103355.19,804937
2025-11-25,S06_017,51696.96,249370
2025-11-25,S06_018,33972.49,135357
2025-11-25,S06_019,95895.29,190478
2025-11-25,S06_020,56028.69,239496
2025-11-25,S06_021,62157.69,462519
2025-11-25,S06_022,46746.75,951287
2025-11-25,S06_023,28503.53,849762
2025-11-25,S06_024,23129.24,734257
2025-11-25,S06_025,74478.72,604560
2025-11-25,S06_026,65599.5,403731
2025-11-25,S06_027,26185.85,122535
2025-11-25,S06_028,62287.85,485309
2025-11-25,S06_029,39872.61,468594
2025-11-25,S06_030,59718.71,153394
2025-11-26,S06_001,61626.74,720681
2025-11-26,S06_002,66101.45,71363
2025-11-26,S06_003,32862.75,328461
2025-11-26,S06_004,29568.87,160241
2025-11-26,S06_005,33983.73,1141255
2025-11-26,S06_006,52336.78,315603
2025-11-26,S06_007,64364.02,784153
2025-11-26,S06_008,55910.79,249768
2025-11-26,S06_009,51640.95,446602
2025-11-26,S06_010,50952.54,745455
2025-11-26,S06_011,35378.26,381427
2025-11-26,S06_012,47065.83,538708
2025-11-26,S06_013,39464.63,403454
2025-11-26,S06_014,18079.21,572185
2025-11-26,S06_015,47004.44,445501
2025-11-26,S06_016,97126.08,1498475
2025-11-26,S06_017,48723.92,376803
2025-11-26,S06_018,32836.68,81799
2025-11-26,S06_019,95082.95,107442
2025-11-26,S06_020,56575.98,222824
2025-11-26,S06_021,64089.1,354380
2025-11-26,S06_022,45685.96,583160
2025-11-26,S06_023,29206.54,594555
2025-11-26,S06_024,23132.89,855118
2025-11-26,S06_025,74585.96,424718
2025-11-26,S06_026,65959.24,279364
2025-11-26,S06_027,26254.88,151557
2025-11-26,S06_028,62228.08,747003
2025-11-26,S06_029,39858.73,500868
2025-11-26,S06_030,60267.19,204571
2025-11-27,S06_001,60199.12,547402
2025-11-27,S06_002,66195.68,51709
2025-11-27,S06_003,32726.38,166998
2025-11-27,S06_004,29972.81,106812
2025-11-27,S06_005,33912.59,457529
2025-11-27,S06_006,51732.61,325100
2025-11-27,S06_007,64092.91,1041054
2025-11-27,S06_008,56386.76,694658
2025-11-27,S06_009,51607.33,428279
2025-11-27,S06_010,51004.22,1140351
2025-11-27,S06_011,35124.05,315035
2025-11-27,S06_012,46555.24,741189
2025-11-27,S06_013,39998.25,355863
2025-11-27,S06_014,18004.52,626443
2025-11-27,S06_015,46966.25,305411
2025-11-27,S06_016,92317.95,992285
2025-11-27,S06_017,49502.36,308822
2025-11-27,S06_018,34038.02,99782
2025-11-27,S06_019,95027.77,231457
2025-11-27,S06_020,55807.12,242541
2025-11-27,S06_021,66842.82,761409
2025-11-27,S06_022,46636.57,429899
2025-11-27,S06_023,30346.29,630099
2025-11-27,S06_024,23093.96,875703
2025-11-27,S06_025,74486.79,552615
2025-11-27,S06_026,66429.79,408403
2025-11-27,S06_027,26068.62,214712
2025-11-27,S06_028,62607.86,275299
2025-11-27,S06_029,39721.1,310464
2025-11-27,S06_030,60242.25,324033
2025-11-28,S06_001,59902.32,620682
2025-11-28,S06_002,65335.41,151326
2025-11-28,S06_003,32484.9,611254
2025-11-28,S06_004,30372.69,106298
2025-11-28,S06_005,34370.43,759261
2025-11-28,S06_006,51161.28,190518
2025-11-28,S06_007,64373.15,412196
2025-11-28,S06_008,56021.42,346037
2025-11-28,S06_009,51989.86,774735
2025-11-28,S06_010,51441.43,1051083
2025-11-28,S06_011,34821.95,795285
2025-11-28,S06_012,46702.68,485197
2025-11-28,S06_013,40101.77,292433
2025-11-28,S06_014,18519.39,478542
2025-11-28,S06_015,46514.42,396338
2025-11-28,S06_016,92503.84,898933
2025-11-28,S06_017,52466.33,309647
2025-11-28,S06_018,35030.55,106467
2025-11-28,S06_019,93195.28,179293
2025-11-28,S06_020,52950.07,279003
2025-11-28,S06_021,66897.88,405638
2025-11-28,S06_022,45095.46,342884
2025-11-28,S06_023,29585.69,1128086
2025-11-28,S06_024,23115.69,474289
2025-11-28,S06_025,75328.2,271834
2025-11-28,S06_026,66245.04,262745
2025-11-28,S06_027,26035.9,207548
2025-11-28,S06_028,63001.64,791637
2025-11-28,S06_029,39702.04,482742
2025-11-28,S06_030,59995.25,223521
2025-12-01,S06_001,60699.9,962954
2025-12-01,S06_002,64624.85,58327
2025-12-01,S06_003,32185.1,203853
2025-12-01,S06_004,30191.39,108732
2025-12-01,S06_005,34609.99,715676
2025-12-01,S06_006,50804.23,141876
2025-12-01,S06_007,64113.28,1141474
2025-12-01,S06_008,55623.69,453314
2025-12-01,S06_009,51703.68,463106
2025-12-01,S06_010,51537.3,627605
2025-12-01,S06_011,34854.11,749405
2025-12-01,S06_012,46703.21,974377
2025-12-01,S06_013,40082.66,343706
2025-12-01,S06_014,18391.12,389158
2025-12-01,S06_015,45294.42,419819
2025-12-01,S06_016,91167.98,625855
2025-12-01,S06_017,54459.48,171451
2025-12-01,S06_018,36035.78,106335
2025-12-01,S06_019,88379.77,197543
2025-12-01,S06_020,51169.66,284649
2025-12-01,S06_021,70054.93,604350
2025-12-01,S06_022,43055.1,483754
2025-12-01,S06_023,29605.88,839604
2025-12-01,S06_024,23154.52,1260948
2025-12-01,S06_025,75286.63,352807
2025-12-01,S06_026,66088.2,220391
2025-12-01,S06_027,26055.59,120235
2025-12-01,S06_028,63168.6,783457
2025-12-01,S06_029,39932.08,586476
2025-12-01,S06_030,59577.53,117121
2025-12-02,S06_001,59978.09,509002
2025-12-02,S06_002,64385.08,117781
2025-12-02,S06_003,32301.03,219496
2025-12-02,S06_004,30109.9,180016
2025-12-02,S06_005,34719.51,633246
2025-12-02,S06_006,51753.4,262394
2025-12-02,S06_007,64084.67,1494864
2025-12-02,S06_008,56183.92,226788
2025-12-02,S06_009,52097.92,771592
2025-12-02,S06_010,51906.83,703481
2025-12-02,S06_011,35643.56,791603
2025-12-02,S06_012,46485.87,779374
2025-12-02,S06_013,40124.76,173894
2025-12-02,S06_014,18474.84,560227
2025-12-02,S06_015,44839.19,758579
2025-12-02,S06_016,90884.54,659605
2025-12-02,S06_017,52441.03,384828
2025-12-02,S06_018,36744.51,84767
2025-12-02,S06_019,85982.92,137542
2025-12-02,S06_020,50031.67,354568
2025-12-02,S06_021,70740.1,505584
2025-12-02,S06_022,44111.84,521855
2025-12-02,S06_023,28802.87,1415050
2025-12-02,S06_024,23159.08,791294
2025-12-02,S06_025,75011.18,588340
2025-12-02,S06_026,65762.74,252917
2025-12-02,S06_027,26053.49,151492
2025-12-02,S06_028,63681.76,899911
2025-12-02,S06_029,40092.56,389195
2025-12-02,S06_030,59744.15,348377
2025-12-03,S06_001,59101.68,462279
2025-12-03,S06_002,64211.25,82765
2025-12-03,S06_003,32902.1,284866
2025-12-03,S06_004,30320.36,149815
2025-12-03,S06_005,34848.94,894076
2025-12-03,S06_006,51847.2,207345
2025-12-03,S06_007,65656.77,646328
2025-12-03,S06_008,55985.12,232565
2025-12-03,S06_009,51963.38,592190
2025-12-03,S06_010,51969.76,858916
2025-12-03,S06_011,36140.74,579954
2025-12-03,S06_012,46450.57,615976
2025-12-03,S06_013,40430.48,396167
2025-12-03,S06_014,18309.37,477755
2025-12-03,S06_015,44948.55,324049
2025-12-03,S06_016,89193.67,534559
2025-12-03,S06_017,51174.72,195668
2025-12-03,S06_018,38069.71,84761
2025-12-03,S06_019,83195.3,196475
2025-12-03,S06_020,48531.14,585907
2025-12-03,S06_021,67963.62,574051
2025-12-03,S06_022,43888.51,230730
2025-12-03,S06_023,30117.79,929943
2025-12-03,S06_024,23174.41,682315
2025-12-03,S06_025,75286.72,458289
2025-12-03,S06_026,65696.13,246041
2025-12-03,S06_027,26116.62,126394
2025-12-03,S06_028,63538.42,710771
2025-12-03,S06_029,40141.58,632483
2025-12-03,S06_030,60031.82,130144
2025-12-04,S06_001,59285.57,434645
2025-12-04,S06_002,63709.96,131975
2025-12-04,S06_003,32766.06,312094
2025-12-04,S06_004,30157.0,157670
2025-12-04,S06_005,35289.41,469008
2025-12-04,S06_006,51776.51,196140
2025-12-04,S06_007,67964.37,937170
2025-12-04,S06_008,56237.45,269315
2025-12-04,S06_009,52335.69,1105743
2025-12-04,S06_010,53510.97,979154
2025-12-04,S06_011,36794.34,505091
2025-12-04,S06_012,47601.0,410842
2025-12-04,S06_013,39620.81,254441
2025-12-04,S06_014,18489.84,478407
2025-12-04,S06_015,45582.55,362711
2025-12-04,S06_016,85263.48,1012589
2025-12-04,S06_017,50986.05,286884
2025-12-04,S06_018,37906.61,58218
2025-12-04,S06_019,85470.31,168448
2025-12-04,S06_020,52872.81,460853
2025-12-04,S06_021,70042.31,919404
2025-12-04,S06_022,45141.33,185959
2025-12-04,S06_023,28408.59,1084423
2025-12-04,S06_024,23339.38,576874
2025-12-04,S06_025,75320.18,644823
2025-12-04,S06_026,65142.14,437880
2025-12-04,S06_027,25913.64,236047
2025-12-04,S06_028,63707.79,801758
2025-12-04,S06_029,40233.65,240762
2025-12-04,S06_030,59586.83,333415
2025-12-05,S06_001,59031.43,1394415
2025-12-05,S06_002,64260.35,93338
2025-12-05,S06_003,32866.57,260300
2025-12-05,S06_004,30180.39,172428
2025-12-05,S06_005,35599.38,850971
2025-12-05,S06_006,52684.83,499530
2025-12-05,S06_007,68650.56,904086
2025-12-05,S06_008,55952.42,268248
2025-12-05,S06_009,51593.45,647691
2025-12-05,S06_010,53241.0,1085104
2025-12-05,S06_011,36075.09,548800
2025-12-05,S06_012,47746.85,440444
2025-12-05,S06_013,40129.92,549137
2025-12-05,S06_014,18342.52,422289
2025-12-05,S06_015,45071.53,297876
2025-12-05,S06_016,87223.74,719821
2025-12-05,S06_017,49026.33,297059
2025-12-05,S06_018,37635.35,64974
2025-12-05,S06_019,85542.79,95435
2025-12-05,S06_020,54627.78,290320
2025-12-05,S06_021,68619.02,456643
2025-12-05,S06_022,45303.67,203371
2025-12-05,S06_023,26528.27,447308
2025-12-05,S06_024,23326.34,760095
2025-12-05,S06_025,74848.17,526603
2025-12-05,S06_026,64840.1,836855
2025-12-05,S06_027,25928.48,173932
2025-12-05,S06_028,63788.5,597500
2025-12-05,S06_029,40002.79,541321
2025-12-05,S06_030,59716.56,209301
2025-12-08,S06_001,58738.51,850286
2025-12-08,S06_002,64026.65,85695
2025-12-08,S06_003,32844.93,174312
2025-12-08,S06_004,30611.45,196139
2025-12-08,S06_005,36036.72,583758
2025-12-08,S06_006,51969.53,271782
2025-12-08,S06_007,67681.74,792655
2025-12-08,S06_008,55863.37,256075
2025-12-08,S06_009,51409.3,695078
2025-12-08,S06_010,52835.6,1062605
2025-12-08,S06_011,35521.65,653640
2025-12-08,S06_012,48140.88,276358
2025-12-08,S06_013,39186.97,329566
2025-12-08,S06_014,18968.87,641311
2025-12-08,S06_015,44924.77,277346
2025-12-08,S06_016,85621.29,1844805
2025-12-08,S06_017,47863.58,174593
2025-12-08,S06_018,38606.72,81988
2025-12-08,S06_019,87715.67,175507
2025-12-08,S06_020,52247.07,469002
2025-12-08,S06_021,67567.5,640824
2025-12-08,S06_022,51369.95,507763
2025-12-08,S06_023,27232.82,928465
2025-12-08,S06_024,23396.24,482155
2025-12-08,S06_025,75354.34,581290
2025-12-08,S06_026,65052.13,383795
2025-12-08,S06_027,25780.76,132275
2025-12-08,S06_028,63890.24,333741
2025-12-08,S06_029,40350.67,309526
2025-12-08,S06_030,59654.08,510836
2025-12-09,S06_001,57845.9,490958
2025-12-09,S06_002,64237.02,103551
2025-12-09,S06_003,32818.34,301467
2025-12-09,S06_004,30682.28,137550
2025-12-09,S06_005,35619.44,783188
2025-12-09,S06_006,52183.72,149180
2025-12-09,S06_007,68556.82,857386
2025-12-09,S06_008,55906.67,260266
2025-12-09,S06_009,52525.7,455258
2025-12-09,S06_010,53227.38,659545
2025-12-09,S06_011,35255.96,688959
2025-12-09,S06_012,47178.8,611766
2025-12-09,S06_013,38580.2,208631
2025-12-09,S06_014,18996.82,452010
2025-12-09,S06_015,44665.88,351385
2025-12-09,S06_016,88955.09,1473043
2025-12-09,S06_017,45512.21,305602
2025-12-09,S06_018,40926.24,158208
2025-12-09,S06_019,86673.81,173386
2025-12-09,S06_020,53294.55,486116
2025-12-09,S06_021,70603.83,554561
2025-12-09,S06_022,51053.42,310401
2025-12-09,S06_023,27692.89,986452
2025-12-09,S06_024,23371.04,824307
2025-12-09,S06_025,74934.98,490778
2025-12-09,S06_026,65236.58,286867
2025-12-09,S06_027,25874.4,150350
2025-12-09,S06_028,63627.75,518679
2025-12-09,S06_029,40738.33,214512
2025-12-09,S06_030,59918.28,382386
2025-12-10,S06_001,59119.3,734030
2025-12-10,S06_002,64646.01,91636
2025-12-10,S06_003,32754.48,243844
2025-12-10,S06_004,30171.74,162714
2025-12-10,S06_005,35414.07,564137
2025-12-10,S06_006,52172.25,223911
2025-12-10,S06_007,68699.9,636263
2025-12-10,S06_008,56679.62,501639
2025-12-10,S06_009,52090.61,376208
2025-12-10,S06_010,52896.52,589405
2025-12-10,S06_011,35899.69,406544
2025-12-10,S06_012,47839.7,662897
2025-12-10,S06_013,38904.56,639693
2025-12-10,S06_014,18956.0,580544
2025-12-10,S06_015,43951.62,361455
2025-12-10,S06_016,91020.74,771101
2025-12-10,S06_017,46560.54,199081
2025-12-10,S06_018,45237.52,81688
2025-12-10,S06_019,85002.65,213145
2025-12-10,S06_020,52913.93,216803
2025-12-10,S06_021,73786.92,567374
2025-12-10,S06_022,49575.08,344650
2025-12-10,S06_023,28276.98,1196350
2025-12-10,S06_024,23440.67,451401
2025-12-10,S06_025,74783.59,622665
2025-12-10,S06_026,65458.15,222336
2025-12-10,S06_027,25853.15,79816
2025-12-10,S06_028,63636.78,549532
2025-12-10,S06_029,40580.58,280115
2025-12-10,S06_030,59726.72,270128
2025-12-11,S06_001,58514.29,714014
2025-12-11,S06_002,64044.94,99286
2025-12-11,S06_003,33430.6,273613
2025-12-11,S06_004,30441.99,137579
2025-12-11,S06_005,35442.79,744148
2025-12-11,S06_006,53241.52,271694
2025-12-11,S06_007,69040.99,688240
2025-12-11,S06_008,57009.11,287126
2025-12-11,S06_009,52298.89,1078345
2025-12-11,S06_010,53413.72,500435
2025-12-11,S06_011,36183.44,695398
2025-12-11,S06_012,47803.67,497596
2025-12-11,S06_013,39371.63,390526
2025-12-11,S06_014,18709.37,495844
2025-12-11,S06_015,44335.18,443303
2025-12-11,S06_016,89901.78,651933
2025-12-11,S06_017,48288.45,213201
2025-12-11,S06_018,45528.39,85251
2025-12-11,S06_019,83937.21,146974
2025-12-11,S06_020,53190.37,241594
2025-12-11,S06_021,74818.36,414686
2025-12-11,S06_022,49949.76,344025
2025-12-11,S06_023,28531.85,305536
2025-12-11,S06_024,23529.6,677100
2025-12-11,S06_025,74859.87,445348
2025-12-11,S06_026,65519.44,268465
2025-12-11,S06_027,25759.98,151255
2025-12-11,S06_028,63512.42,550595
2025-12-11,S06_029,40552.07,229002
2025-12-11,S06_030,59893.63,213990
2025-12-12,S06_001,58296.55,640863
2025-12-12,S06_002,64541.96,88592
2025-12-12,S06_003,33443.17,494811
2025-12-12,S06_004,30306.45,175103
2025-12-12,S06_005,35356.51,952862
2025-12-12,S06_006,53902.3,175374
2025-12-12,S06_007,69036.21,2141077
2025-12-12,S06_008,57419.3,180778
2025-12-12,S06_009,52245.38,762586
2025-12-12,S06_010,52544.73,898406
2025-12-12,S06_011,35312.07,868569
2025-12-12,S06_012,47823.86,492125
2025-12-12,S06_013,39043.83,216137
2025-12-12,S06_014,18208.19,533647
2025-12-12,S06_015,44461.74,226014
2025-12-12,S06_016,88290.59,689423
2025-12-12,S06_017,47169.77,367943
2025-12-12,S06_018,44388.81,158760
2025-12-12,S06_019,81624.97,184863
2025-12-12,S06_020,52464.27,263580
2025-12-12,S06_021,72921.88,299604
2025-12-12,S06_022,49358.7,260286
2025-12-12,S06_023,29496.46,460147
2025-12-12,S06_024,23625.29,719815
2025-12-12,S06_025,74870.01,343476
2025-12-12,S06_026,65642.33,231336
2025-12-12,S06_027,25633.77,199850
2025-12-12,S06_028,63210.09,480029
2025-12-12,S06_029,40633.37,679095
2025-12-12,S06_030,60374.49,366357
2025-12-15,S06_001,58675.01,530713
2025-12-15,S06_002,64755.85,118634
2025-12-15,S06_003,33860.25,277434
2025-12-15,S06_004,30133.81,151320
2025-12-15,S06_005,34986.56,723887
2025-12-15,S06_006,53637.85,273387
2025-12-15,S06_007,68681.56,882642
2025-12-15,S06_008,57831.11,384537
2025-12-15,S06_009,51866.19,384434
2025-12-15,S06_010,52624.15,1480580
2025-12-15,S06_011,35143.33,704076
2025-12-15,S06_012,47602.49,490508
2025-12-15,S06_013,39420.19,334559
2025-12-15,S06_014,18267.23,541337
2025-12-15,S06_015,45892.22,314891
2025-12-15,S06_016,82093.12,880326
2025-12-15,S06_017,46608.51,145591
2025-12-15,S06_018,44227.97,39382
2025-12-15,S06_019,83214.95,157003
2025-12-15,S06_020,53573.62,318568
2025-12-15,S06_021,70239.82,640613
2025-12-15,S06_022,49879.04,380372
2025-12-15,S06_023,29531.97,788124
2025-12-15,S06_024,23701.9,628570
2025-12-15,S06_025,75119.51,766971
2025-12-15,S06_026,65892.1,240684
2025-12-15,S06_027,25710.13,200366
2025-12-15,S06_028,63334.05,508012
2025-12-15,S06_029,40732.89,329165
2025-12-15,S06_030,60232.11,226544
2025-12-16,S06_001,58598.45,390244
2025-12-16,S06_002,64913.82,70902
2025-12-16,S06_003,33894.11,262662
2025-12-16,S06_004,31043.12,136327
2025-12-16,S06_005,35542.99,711954
2025-12-16,S06_006,54801.37,161252
2025-12-16,S06_007,69227.91,368420
2025-12-16,S06_008,58619.26,328297
2025-12-16,S06_009,52393.83,742864
2025-12-16,S06_010,52915.09,782239
2025-12-16,S06_011,34797.17,340543
2025-12-16,S06_012,46795.03,456044
2025-12-16,S06_013,39196.57,417742
2025-12-16,S06_014,17994.92,362881
2025-12-16,S06_015,45105.68,468603
2025-12-16,S06_016,84439.11,677571
2025-12-16,S06_017,45091.07,256130
2025-12-16,S06_018,43147.73,109935
2025-12-16,S06_019,78175.54,195838
2025-12-16,S06_020,56024.51,377073
2025-12-16,S06_021,71376.6,589095
2025-12-16,S06_022,49302.74,321603
2025-12-16,S06_023,29163.38,752769
2025-12-16,S06_024,23815.61,672623
2025-12-16,S06_025,74678.87,663366
2025-12-16,S06_026,65766.02,271275
2025-12-16,S06_027,25719.98,140157
2025-12-16,S06_028,62865.99,771738
2025-12-16,S06_029,40656.81,491297
2025-12-16,S06_030,60002.29,263346
2025-12-17,S06_001,58346.38,496829
2025-12-17,S06_002,64352.99,146379
2025-12-17,S06_003,34657.85,354620
2025-12-17,S06_004,31117.87,157811
2025-12-17,S06_005,35085.72,596664
2025-12-17,S06_006,54975.04,159501
2025-12-17,S06_007,68875.88,700408
2025-12-17,S06_008,59854.87,666300
2025-12-17,S06_009,51899.92,762452
2025-12-17,S06_010,52131.0,884343
2025-12-17,S06_011,34694.67,678486
2025-12-17,S06_012,45786.64,569176
2025-12-17,S06_013,38315.02,119926
2025-12-17,S06_014,18146.84,448088
2025-12-17,S06_015,44921.51,256747
2025-12-17,S06_016,84948.04,783154
2025-12-17,S06_017,45953.99,315043
2025-12-17,S06_018,43098.13,74737
2025-12-17,S06_019,77344.13,152394
2025-12-17,S06_020,56226.53,328313
2025-12-17,S06_021,72001.66,178143
2025-12-17,S06_022,51322.18,356809
2025-12-17,S06_023,31152.75,586169
2025-12-17,S06_024,23717.37,671044
2025-12-17,S06_025,74595.55,644382
2025-12-17,S06_026,65914.1,322761
2025-12-17,S06_027,25792.28,168582
2025-12-17,S06_028,63183.1,663994
2025-12-17,S06_029,40708.34,347796
2025-12-17,S06_030,60484.16,239338
2025-12-18,S06_001,59092.16,563567
2025-12-18,S06_002,65147.97,106512
2025-12-18,S06_003,35256.46,384674
2025-12-18,S06_004,31930.95,222492
2025-12-18,S06_005,35526.56,800583
2025-12-18,S06_006,55413.66,194540
2025-12-18,S06_007,68765.85,716647
2025-12-18,S06_008,60324.74,361932
2025-12-18,S06_009,52603.58,1043073
2025-12-18,S06_010,52370.74,906357
2025-12-18,S06_011,35691.99,609374
2025-12-18,S06_012,45241.35,640071
2025-12-18,S06_013,37946.57,324518
2025-12-18,S06_014,17506.81,1061352
2025-12-18,S06_015,44870.28,370299
2025-12-18,S06_016,86315.89,689390
2025-12-18,S06_017,44835.34,242748
2025-12-18,S06_018,43065.36,85420
2025-12-18,S06_019,76320.26,191138
2025-12-18,S06_020,54398.95,333793
2025-12-18,S06_021,71156.42,446900
2025-12-18,S06_022,53519.3,432777
2025-12-18,S06_023,31586.76,821448
2025-12-18,S06_024,23608.87,816365
2025-12-18,S06_025,74311.43,990665
2025-12-18,S06_026,66156.57,250683
2025-12-18,S06_027,25772.78,199776
2025-12-18,S06_028,63187.61,442416
2025-12-18,S06_029,40815.52,737411
2025-12-18,S06_030,60504.58,170356
2025-12-19,S06_001,59438.45,838348
2025-12-19,S06_002,63966.53,140428
2025-12-19,S06_003,35655.53,344022
2025-12-19,S06_004,31664.95,285210
2025-12-19,S06_005,36321.0,1142679
2025-12-19,S06_006,55732.73,184787
2025-12-19,S06_007,68912.12,1421364
2025-12-19,S06_008,59748.28,567973
2025-12-19,S06_009,53057.92,447510
2025-12-19,S06_010,51028.93,956768
2025-12-19,S06_011,35560.45,893783
2025-12-19,S06_012,47276.73,405619
2025-12-19,S06_013,37213.07,327227
2025-12-19,S06_014,17245.54,782756
2025-12-19,S06_015,44307.88,447038
2025-12-19,S06_016,83646.55,663105
2025-12-19,S06_017,43402.82,186035
2025-12-19,S06_018,43502.68,87991
2025-12-19,S06_019,75579.9,152901
2025-12-19,S06_020,54438.64,369535
2025-12-19,S06_021,72404.8,486047
2025-12-19,S06_022,52398.83,312631
2025-12-19,S06_023,31178.69,642230
2025-12-19,S06_024,23731.2,1141649
2025-12-19,S06_025,74485.74,372066
2025-12-19,S06_026,66236.18,494028
2025-12-19,S06_027,25576.99,244214
2025-12-19,S06_028,62873.49,752065
2025-12-19,S06_029,40655.7,359772
2025-12-19,S06_030,60455.42,239965
